nomination_id,facility_id,production_date,product,nominated_volume,customer_group,contract_type,status,effective_start_date,effective_end_date
NOM-00000001,FAC-001,2026-04-01,NGL,68885.177,Third-Party,Gathering,ACTIVE,2026-04-01,2026-04-01
NOM-00000002,FAC-001,2026-04-02,PRODUCED_WATER,74926.897,Affiliate,Gathering,ACTIVE,2026-04-02,2026-04-02
NOM-00000003,FAC-001,2026-04-03,GAS,77350.073,Commercial,Gathering,ACTIVE,2026-04-03,2026-04-03
NOM-00000004,FAC-001,2026-04-04,PRODUCED_WATER,73448.623,Commercial,Firm,ACTIVE,2026-04-04,2026-04-04
NOM-00000005,FAC-001,2026-04-05,NGL,61715.365,Operations,Firm,ACTIVE,2026-04-05,2026-04-05
NOM-00000006,FAC-001,2026-04-06,NGL,65795.531,Affiliate,Processing,ACTIVE,2026-04-06,2026-04-06
NOM-00000007,FAC-001,2026-04-07,NGL,80892.991,Affiliate,Firm,ACTIVE,2026-04-07,2026-04-07
NOM-00000008,FAC-001,2026-04-08,GAS,78697.855,Operations,Interruptible,ACTIVE,2026-04-08,2026-04-08
NOM-00000009,FAC-001,2026-04-09,CRUDE,70205.493,Affiliate,Processing,ACTIVE,2026-04-09,2026-04-09
NOM-00000010,FAC-001,2026-04-10,GAS,73175.34,Internal Forecast,Gathering,ACTIVE,2026-04-10,2026-04-10
NOM-00000011,FAC-001,2026-04-11,GAS,78859.897,Third-Party,Gathering,ACTIVE,2026-04-11,2026-04-11
NOM-00000012,FAC-001,2026-04-12,GAS,68242.959,Operations,Processing,ACTIVE,2026-04-12,2026-04-12
NOM-00000013,FAC-001,2026-04-13,GAS,66244.203,Affiliate,Processing,ACTIVE,2026-04-13,2026-04-13
NOM-00000014,FAC-001,2026-04-14,GAS,59614.167,Third-Party,Interruptible,ACTIVE,2026-04-14,2026-04-14
NOM-00000015,FAC-001,2026-04-15,GAS,71734.011,Internal Forecast,Water Services,ACTIVE,2026-04-15,2026-04-15
NOM-00000016,FAC-001,2026-04-16,GAS,73802.632,Internal Forecast,Water Services,ACTIVE,2026-04-16,2026-04-16
NOM-00000017,FAC-001,2026-04-17,CRUDE,61055.823,Third-Party,Processing,ACTIVE,2026-04-17,2026-04-17
NOM-00000018,FAC-001,2026-04-18,GAS,73998.818,Commercial,Interruptible,ACTIVE,2026-04-18,2026-04-18
NOM-00000019,FAC-001,2026-04-19,GAS,61290.899,Commercial,Interruptible,ACTIVE,2026-04-19,2026-04-19
NOM-00000020,FAC-001,2026-04-20,CRUDE,71668.032,Third-Party,Firm,REVISED,2026-04-20,2026-04-20
NOM-00000021,FAC-001,2026-04-21,PRODUCED_WATER,59086.574,Third-Party,Processing,ACTIVE,2026-04-21,2026-04-21
NOM-00000022,FAC-001,2026-04-22,NGL,66927.53,Commercial,Interruptible,ACTIVE,2026-04-22,2026-04-22
NOM-00000023,FAC-001,2026-04-23,GAS,65433.517,Operations,Processing,ACTIVE,2026-04-23,2026-04-23
NOM-00000024,FAC-001,2026-04-24,GAS,67931.352,Internal Forecast,Water Services,ACTIVE,2026-04-24,2026-04-24
NOM-00000025,FAC-001,2026-04-25,GAS,64004.022,Affiliate,Water Services,ACTIVE,2026-04-25,2026-04-25
NOM-00000026,FAC-001,2026-04-26,NGL,54959.14,Affiliate,Gathering,ACTIVE,2026-04-26,2026-04-26
NOM-00000027,FAC-001,2026-04-27,GAS,65649.136,Third-Party,Processing,ACTIVE,2026-04-27,2026-04-27
NOM-00000028,FAC-001,2026-04-28,NGL,62296.26,Affiliate,Firm,ACTIVE,2026-04-28,2026-04-28
NOM-00000029,FAC-001,2026-04-29,GAS,65885.327,Operations,Firm,ACTIVE,2026-04-29,2026-04-29
NOM-00000030,FAC-001,2026-04-30,PRODUCED_WATER,68266.55,Internal Forecast,Interruptible,ACTIVE,2026-04-30,2026-04-30
NOM-00000031,FAC-001,2026-05-01,PRODUCED_WATER,68641.77,Commercial,Processing,ACTIVE,2026-05-01,2026-05-01
NOM-00000032,FAC-001,2026-05-02,GAS,68098.94,Internal Forecast,Water Services,ACTIVE,2026-05-02,2026-05-02
NOM-00000033,FAC-001,2026-05-03,GAS,62714.855,Operations,Interruptible,ACTIVE,2026-05-03,2026-05-03
NOM-00000034,FAC-001,2026-05-04,NGL,67479.764,Commercial,Water Services,ACTIVE,2026-05-04,2026-05-04
NOM-00000035,FAC-001,2026-05-05,CRUDE,67033.217,Affiliate,Interruptible,ACTIVE,2026-05-05,2026-05-05
NOM-00000036,FAC-001,2026-05-06,GAS,67072.122,Internal Forecast,Water Services,ACTIVE,2026-05-06,2026-05-06
NOM-00000037,FAC-001,2026-05-07,GAS,77803.219,Third-Party,Water Services,ACTIVE,2026-05-07,2026-05-07
NOM-00000038,FAC-001,2026-05-08,GAS,70927.843,Operations,Interruptible,ACTIVE,2026-05-08,2026-05-08
NOM-00000039,FAC-001,2026-05-09,NGL,63046.199,Commercial,Firm,ACTIVE,2026-05-09,2026-05-09
NOM-00000040,FAC-001,2026-05-10,GAS,55222.524,Operations,Gathering,ACTIVE,2026-05-10,2026-05-10
NOM-00000041,FAC-001,2026-05-11,GAS,67112.027,Operations,Firm,ACTIVE,2026-05-11,2026-05-11
NOM-00000042,FAC-001,2026-05-12,GAS,64963.557,Internal Forecast,Interruptible,ACTIVE,2026-05-12,2026-05-12
NOM-00000043,FAC-001,2026-05-13,PRODUCED_WATER,58472.697,Commercial,Water Services,ACTIVE,2026-05-13,2026-05-13
NOM-00000044,FAC-001,2026-05-14,PRODUCED_WATER,76446.872,Commercial,Firm,ACTIVE,2026-05-14,2026-05-14
NOM-00000045,FAC-001,2026-05-15,CRUDE,70501.598,Affiliate,Interruptible,ACTIVE,2026-05-15,2026-05-15
NOM-00000046,FAC-001,2026-05-16,NGL,58077.97,Commercial,Water Services,ACTIVE,2026-05-16,2026-05-16
NOM-00000047,FAC-001,2026-05-17,GAS,61689.779,Operations,Firm,ACTIVE,2026-05-17,2026-05-17
NOM-00000048,FAC-001,2026-05-18,GAS,79441.595,Operations,Processing,ACTIVE,2026-05-18,2026-05-18
NOM-00000049,FAC-001,2026-05-19,CRUDE,61275.404,Third-Party,Water Services,ACTIVE,2026-05-19,2026-05-19
NOM-00000050,FAC-001,2026-05-20,GAS,68517.706,Third-Party,Gathering,ACTIVE,2026-05-20,2026-05-20
NOM-00000051,FAC-001,2026-05-21,GAS,64016.781,Third-Party,Interruptible,ACTIVE,2026-05-21,2026-05-21
NOM-00000052,FAC-001,2026-05-22,NGL,66304.069,Commercial,Gathering,ACTIVE,2026-05-22,2026-05-22
NOM-00000053,FAC-001,2026-05-23,GAS,59828.272,Affiliate,Water Services,ACTIVE,2026-05-23,2026-05-23
NOM-00000054,FAC-001,2026-05-24,CRUDE,63040.453,Affiliate,Water Services,ACTIVE,2026-05-24,2026-05-24
NOM-00000055,FAC-001,2026-05-25,GAS,65373.037,Third-Party,Processing,ACTIVE,2026-05-25,2026-05-25
NOM-00000056,FAC-001,2026-05-26,GAS,71825.301,Internal Forecast,Interruptible,ACTIVE,2026-05-26,2026-05-26
NOM-00000057,FAC-001,2026-05-27,PRODUCED_WATER,70184.478,Commercial,Water Services,ACTIVE,2026-05-27,2026-05-27
NOM-00000058,FAC-001,2026-05-28,GAS,61750.387,Operations,Water Services,ACTIVE,2026-05-28,2026-05-28
NOM-00000059,FAC-001,2026-05-29,GAS,59350.35,Internal Forecast,Water Services,ACTIVE,2026-05-29,2026-05-29
NOM-00000060,FAC-001,2026-05-30,GAS,66657.668,Commercial,Water Services,ACTIVE,2026-05-30,2026-05-30
NOM-00000061,FAC-002,2026-04-01,GAS,81282.459,Commercial,Firm,ACTIVE,2026-04-01,2026-04-01
NOM-00000062,FAC-002,2026-04-02,GAS,75304.28,Internal Forecast,Firm,ACTIVE,2026-04-02,2026-04-02
NOM-00000063,FAC-002,2026-04-03,PRODUCED_WATER,75406.389,Third-Party,Processing,ACTIVE,2026-04-03,2026-04-03
NOM-00000064,FAC-002,2026-04-04,PRODUCED_WATER,64120.424,Third-Party,Interruptible,PENDING,2026-04-04,2026-04-04
NOM-00000065,FAC-002,2026-04-05,GAS,67057.347,Commercial,Water Services,ACTIVE,2026-04-05,2026-04-05
NOM-00000066,FAC-002,2026-04-06,GAS,68633.173,Third-Party,Gathering,ACTIVE,2026-04-06,2026-04-06
NOM-00000067,FAC-002,2026-04-07,GAS,73763.871,Operations,Processing,ACTIVE,2026-04-07,2026-04-07
NOM-00000068,FAC-002,2026-04-08,GAS,80671.376,Operations,Processing,ACTIVE,2026-04-08,2026-04-08
NOM-00000069,FAC-002,2026-04-09,PRODUCED_WATER,68623.881,Affiliate,Processing,ACTIVE,2026-04-09,2026-04-09
NOM-00000070,FAC-002,2026-04-10,GAS,80691.146,Affiliate,Interruptible,ACTIVE,2026-04-10,2026-04-10
NOM-00000071,FAC-002,2026-04-11,NGL,76938.594,Commercial,Interruptible,REVISED,2026-04-11,2026-04-11
NOM-00000072,FAC-002,2026-04-12,GAS,75329.665,Operations,Gathering,PENDING,2026-04-12,2026-04-12
NOM-00000073,FAC-002,2026-04-13,NGL,69289.929,Commercial,Processing,ACTIVE,2026-04-13,2026-04-13
NOM-00000074,FAC-002,2026-04-14,NGL,76180.284,Commercial,Water Services,PENDING,2026-04-14,2026-04-14
NOM-00000075,FAC-002,2026-04-15,NGL,82420.585,Commercial,Interruptible,ACTIVE,2026-04-15,2026-04-15
NOM-00000076,FAC-002,2026-04-16,PRODUCED_WATER,78579.235,Internal Forecast,Water Services,ACTIVE,2026-04-16,2026-04-16
NOM-00000077,FAC-002,2026-04-17,GAS,76815.042,Operations,Processing,ACTIVE,2026-04-17,2026-04-17
NOM-00000078,FAC-002,2026-04-18,GAS,84744.731,Commercial,Processing,ACTIVE,2026-04-18,2026-04-18
NOM-00000079,FAC-002,2026-04-19,GAS,80117.56,Operations,Interruptible,ACTIVE,2026-04-19,2026-04-19
NOM-00000080,FAC-002,2026-04-20,GAS,65457.802,Commercial,Gathering,ACTIVE,2026-04-20,2026-04-20
NOM-00000081,FAC-002,2026-04-21,CRUDE,66683.032,Affiliate,Water Services,PENDING,2026-04-21,2026-04-21
NOM-00000082,FAC-002,2026-04-22,NGL,75193.805,Commercial,Processing,ACTIVE,2026-04-22,2026-04-22
NOM-00000083,FAC-002,2026-04-23,GAS,84817.245,Operations,Gathering,ACTIVE,2026-04-23,2026-04-23
NOM-00000084,FAC-002,2026-04-24,GAS,70108.976,Internal Forecast,Interruptible,ACTIVE,2026-04-24,2026-04-24
NOM-00000085,FAC-002,2026-04-25,CRUDE,64684.643,Affiliate,Water Services,ACTIVE,2026-04-25,2026-04-25
NOM-00000086,FAC-002,2026-04-26,GAS,74024.956,Internal Forecast,Interruptible,ACTIVE,2026-04-26,2026-04-26
NOM-00000087,FAC-002,2026-04-27,GAS,73429.303,Third-Party,Interruptible,ACTIVE,2026-04-27,2026-04-27
NOM-00000088,FAC-002,2026-04-28,GAS,73602.913,Operations,Processing,ACTIVE,2026-04-28,2026-04-28
NOM-00000089,FAC-002,2026-04-29,GAS,70274.978,Affiliate,Firm,ACTIVE,2026-04-29,2026-04-29
NOM-00000090,FAC-002,2026-04-30,GAS,84336.734,Third-Party,Interruptible,ACTIVE,2026-04-30,2026-04-30
NOM-00000091,FAC-002,2026-05-01,NGL,75844.713,Affiliate,Processing,ACTIVE,2026-05-01,2026-05-01
NOM-00000092,FAC-002,2026-05-02,GAS,75862.489,Operations,Water Services,ACTIVE,2026-05-02,2026-05-02
NOM-00000093,FAC-002,2026-05-03,GAS,84300.319,Affiliate,Water Services,ACTIVE,2026-05-03,2026-05-03
NOM-00000094,FAC-002,2026-05-04,PRODUCED_WATER,72746.707,Operations,Processing,ACTIVE,2026-05-04,2026-05-04
NOM-00000095,FAC-002,2026-05-05,PRODUCED_WATER,80256.082,Commercial,Processing,ACTIVE,2026-05-05,2026-05-05
NOM-00000096,FAC-002,2026-05-06,GAS,77116.321,Affiliate,Gathering,ACTIVE,2026-05-06,2026-05-06
NOM-00000097,FAC-002,2026-05-07,CRUDE,79205.374,Internal Forecast,Processing,ACTIVE,2026-05-07,2026-05-07
NOM-00000098,FAC-002,2026-05-08,NGL,81209.867,Affiliate,Gathering,PENDING,2026-05-08,2026-05-08
NOM-00000099,FAC-002,2026-05-09,GAS,73088.89,Affiliate,Water Services,ACTIVE,2026-05-09,2026-05-09
NOM-00000100,FAC-002,2026-05-10,GAS,70622.401,Affiliate,Interruptible,ACTIVE,2026-05-10,2026-05-10
NOM-00000101,FAC-002,2026-05-11,NGL,69006.389,Affiliate,Water Services,REVISED,2026-05-11,2026-05-11
NOM-00000102,FAC-002,2026-05-12,GAS,70320.182,Internal Forecast,Interruptible,ACTIVE,2026-05-12,2026-05-12
NOM-00000103,FAC-002,2026-05-13,GAS,77284.402,Affiliate,Processing,ACTIVE,2026-05-13,2026-05-13
NOM-00000104,FAC-002,2026-05-14,GAS,70960.78,Affiliate,Gathering,ACTIVE,2026-05-14,2026-05-14
NOM-00000105,FAC-002,2026-05-15,NGL,76828.582,Internal Forecast,Water Services,ACTIVE,2026-05-15,2026-05-15
NOM-00000106,FAC-002,2026-05-16,GAS,78425.33,Third-Party,Firm,ACTIVE,2026-05-16,2026-05-16
NOM-00000107,FAC-002,2026-05-17,CRUDE,84194.856,Affiliate,Gathering,ACTIVE,2026-05-17,2026-05-17
NOM-00000108,FAC-002,2026-05-18,GAS,64703.158,Third-Party,Firm,ACTIVE,2026-05-18,2026-05-18
NOM-00000109,FAC-002,2026-05-19,GAS,71380.89,Operations,Water Services,ACTIVE,2026-05-19,2026-05-19
NOM-00000110,FAC-002,2026-05-20,PRODUCED_WATER,71550.471,Third-Party,Interruptible,ACTIVE,2026-05-20,2026-05-20
NOM-00000111,FAC-002,2026-05-21,GAS,76411.458,Commercial,Firm,ACTIVE,2026-05-21,2026-05-21
NOM-00000112,FAC-002,2026-05-22,CRUDE,77873.058,Commercial,Firm,ACTIVE,2026-05-22,2026-05-22
NOM-00000113,FAC-002,2026-05-23,GAS,73584.821,Third-Party,Interruptible,ACTIVE,2026-05-23,2026-05-23
NOM-00000114,FAC-002,2026-05-24,CRUDE,70838.228,Commercial,Gathering,ACTIVE,2026-05-24,2026-05-24
NOM-00000115,FAC-002,2026-05-25,GAS,81669.855,Third-Party,Gathering,ACTIVE,2026-05-25,2026-05-25
NOM-00000116,FAC-002,2026-05-26,NGL,69189.286,Affiliate,Interruptible,ACTIVE,2026-05-26,2026-05-26
NOM-00000117,FAC-002,2026-05-27,GAS,70879.906,Internal Forecast,Interruptible,ACTIVE,2026-05-27,2026-05-27
NOM-00000118,FAC-002,2026-05-28,GAS,76865.492,Commercial,Water Services,ACTIVE,2026-05-28,2026-05-28
NOM-00000119,FAC-002,2026-05-29,GAS,68081.522,Affiliate,Water Services,ACTIVE,2026-05-29,2026-05-29
NOM-00000120,FAC-002,2026-05-30,NGL,75692.178,Affiliate,Firm,ACTIVE,2026-05-30,2026-05-30
NOM-00000121,FAC-003,2026-04-01,GAS,97411.232,Affiliate,Water Services,ACTIVE,2026-04-01,2026-04-01
NOM-00000122,FAC-003,2026-04-02,GAS,95844.939,Affiliate,Gathering,ACTIVE,2026-04-02,2026-04-02
NOM-00000123,FAC-003,2026-04-03,GAS,95205.964,Third-Party,Interruptible,ACTIVE,2026-04-03,2026-04-03
NOM-00000124,FAC-003,2026-04-04,GAS,87049.146,Operations,Firm,ACTIVE,2026-04-04,2026-04-04
NOM-00000125,FAC-003,2026-04-05,GAS,96037.662,Internal Forecast,Processing,ACTIVE,2026-04-05,2026-04-05
NOM-00000126,FAC-003,2026-04-06,GAS,91243.396,Internal Forecast,Gathering,ACTIVE,2026-04-06,2026-04-06
NOM-00000127,FAC-003,2026-04-07,GAS,89318.25,Third-Party,Interruptible,ACTIVE,2026-04-07,2026-04-07
NOM-00000128,FAC-003,2026-04-08,GAS,93883.731,Affiliate,Firm,ACTIVE,2026-04-08,2026-04-08
NOM-00000129,FAC-003,2026-04-09,CRUDE,115873.515,Third-Party,Interruptible,ACTIVE,2026-04-09,2026-04-09
NOM-00000130,FAC-003,2026-04-10,GAS,101546.94,Operations,Water Services,ACTIVE,2026-04-10,2026-04-10
NOM-00000131,FAC-003,2026-04-11,GAS,109182.575,Commercial,Water Services,ACTIVE,2026-04-11,2026-04-11
NOM-00000132,FAC-003,2026-04-12,GAS,107601.954,Third-Party,Processing,PENDING,2026-04-12,2026-04-12
NOM-00000133,FAC-003,2026-04-13,GAS,95139.958,Affiliate,Firm,ACTIVE,2026-04-13,2026-04-13
NOM-00000134,FAC-003,2026-04-14,PRODUCED_WATER,89647.25,Operations,Processing,ACTIVE,2026-04-14,2026-04-14
NOM-00000135,FAC-003,2026-04-15,GAS,100258.05,Commercial,Gathering,ACTIVE,2026-04-15,2026-04-15
NOM-00000136,FAC-003,2026-04-16,PRODUCED_WATER,101964.143,Commercial,Water Services,ACTIVE,2026-04-16,2026-04-16
NOM-00000137,FAC-003,2026-04-17,GAS,88824.729,Internal Forecast,Interruptible,ACTIVE,2026-04-17,2026-04-17
NOM-00000138,FAC-003,2026-04-18,GAS,130984.25,Internal Forecast,Interruptible,ACTIVE,2026-04-18,2026-04-18
NOM-00000139,FAC-003,2026-04-19,NGL,100356.018,Internal Forecast,Interruptible,ACTIVE,2026-04-19,2026-04-19
NOM-00000140,FAC-003,2026-04-20,NGL,98665.758,Operations,Processing,ACTIVE,2026-04-20,2026-04-20
NOM-00000141,FAC-003,2026-04-21,GAS,110822.428,Operations,Water Services,ACTIVE,2026-04-21,2026-04-21
NOM-00000142,FAC-003,2026-04-22,GAS,109960.553,Operations,Water Services,ACTIVE,2026-04-22,2026-04-22
NOM-00000143,FAC-003,2026-04-23,CRUDE,98580.86,Third-Party,Gathering,ACTIVE,2026-04-23,2026-04-23
NOM-00000144,FAC-003,2026-04-24,GAS,98813.982,Operations,Interruptible,ACTIVE,2026-04-24,2026-04-24
NOM-00000145,FAC-003,2026-04-25,CRUDE,101882.001,Affiliate,Water Services,ACTIVE,2026-04-25,2026-04-25
NOM-00000146,FAC-003,2026-04-26,GAS,96622.195,Commercial,Water Services,ACTIVE,2026-04-26,2026-04-26
NOM-00000147,FAC-003,2026-04-27,GAS,101440.898,Commercial,Interruptible,ACTIVE,2026-04-27,2026-04-27
NOM-00000148,FAC-003,2026-04-28,CRUDE,96305.938,Affiliate,Processing,ACTIVE,2026-04-28,2026-04-28
NOM-00000149,FAC-003,2026-04-29,NGL,90648.235,Affiliate,Water Services,ACTIVE,2026-04-29,2026-04-29
NOM-00000150,FAC-003,2026-04-30,PRODUCED_WATER,113597.075,Affiliate,Processing,ACTIVE,2026-04-30,2026-04-30
NOM-00000151,FAC-003,2026-05-01,NGL,113722.079,Third-Party,Gathering,ACTIVE,2026-05-01,2026-05-01
NOM-00000152,FAC-003,2026-05-02,GAS,92884.497,Affiliate,Firm,ACTIVE,2026-05-02,2026-05-02
NOM-00000153,FAC-003,2026-05-03,GAS,98391.455,Internal Forecast,Gathering,REVISED,2026-05-03,2026-05-03
NOM-00000154,FAC-003,2026-05-04,GAS,106989.178,Internal Forecast,Firm,ACTIVE,2026-05-04,2026-05-04
NOM-00000155,FAC-003,2026-05-05,GAS,98678.254,Internal Forecast,Processing,ACTIVE,2026-05-05,2026-05-05
NOM-00000156,FAC-003,2026-05-06,GAS,95730.795,Internal Forecast,Firm,ACTIVE,2026-05-06,2026-05-06
NOM-00000157,FAC-003,2026-05-07,NGL,121089.113,Operations,Interruptible,ACTIVE,2026-05-07,2026-05-07
NOM-00000158,FAC-003,2026-05-08,GAS,108885.427,Third-Party,Gathering,ACTIVE,2026-05-08,2026-05-08
NOM-00000159,FAC-003,2026-05-09,CRUDE,100574.233,Third-Party,Gathering,ACTIVE,2026-05-09,2026-05-09
NOM-00000160,FAC-003,2026-05-10,GAS,102391.663,Operations,Processing,ACTIVE,2026-05-10,2026-05-10
NOM-00000161,FAC-003,2026-05-11,GAS,104215.371,Commercial,Water Services,ACTIVE,2026-05-11,2026-05-11
NOM-00000162,FAC-003,2026-05-12,CRUDE,98670.27,Internal Forecast,Processing,ACTIVE,2026-05-12,2026-05-12
NOM-00000163,FAC-003,2026-05-13,NGL,101307.311,Internal Forecast,Firm,ACTIVE,2026-05-13,2026-05-13
NOM-00000164,FAC-003,2026-05-14,PRODUCED_WATER,120831.009,Internal Forecast,Interruptible,ACTIVE,2026-05-14,2026-05-14
NOM-00000165,FAC-003,2026-05-15,NGL,107912.945,Commercial,Firm,ACTIVE,2026-05-15,2026-05-15
NOM-00000166,FAC-003,2026-05-16,GAS,102445.693,Operations,Processing,ACTIVE,2026-05-16,2026-05-16
NOM-00000167,FAC-003,2026-05-17,CRUDE,104616.688,Affiliate,Gathering,ACTIVE,2026-05-17,2026-05-17
NOM-00000168,FAC-003,2026-05-18,NGL,88997.5,Operations,Water Services,ACTIVE,2026-05-18,2026-05-18
NOM-00000169,FAC-003,2026-05-19,GAS,112411.096,Internal Forecast,Firm,ACTIVE,2026-05-19,2026-05-19
NOM-00000170,FAC-003,2026-05-20,CRUDE,99779.257,Affiliate,Interruptible,ACTIVE,2026-05-20,2026-05-20
NOM-00000171,FAC-003,2026-05-21,GAS,98621.898,Commercial,Water Services,ACTIVE,2026-05-21,2026-05-21
NOM-00000172,FAC-003,2026-05-22,GAS,103180.738,Operations,Water Services,ACTIVE,2026-05-22,2026-05-22
NOM-00000173,FAC-003,2026-05-23,GAS,90560.174,Operations,Water Services,ACTIVE,2026-05-23,2026-05-23
NOM-00000174,FAC-003,2026-05-24,GAS,99100.088,Operations,Interruptible,ACTIVE,2026-05-24,2026-05-24
NOM-00000175,FAC-003,2026-05-25,GAS,99511.367,Third-Party,Interruptible,ACTIVE,2026-05-25,2026-05-25
NOM-00000176,FAC-003,2026-05-26,GAS,86983.217,Internal Forecast,Gathering,ACTIVE,2026-05-26,2026-05-26
NOM-00000177,FAC-003,2026-05-27,PRODUCED_WATER,96427.316,Affiliate,Processing,ACTIVE,2026-05-27,2026-05-27
NOM-00000178,FAC-003,2026-05-28,GAS,105719.33,Third-Party,Processing,ACTIVE,2026-05-28,2026-05-28
NOM-00000179,FAC-003,2026-05-29,NGL,123569.385,Internal Forecast,Firm,ACTIVE,2026-05-29,2026-05-29
NOM-00000180,FAC-003,2026-05-30,CRUDE,94723.492,Third-Party,Interruptible,ACTIVE,2026-05-30,2026-05-30
NOM-00000181,FAC-004,2026-04-01,NGL,67693.976,Third-Party,Water Services,ACTIVE,2026-04-01,2026-04-01
NOM-00000182,FAC-004,2026-04-02,GAS,74079.489,Third-Party,Interruptible,ACTIVE,2026-04-02,2026-04-02
NOM-00000183,FAC-004,2026-04-03,GAS,72753.705,Third-Party,Firm,ACTIVE,2026-04-03,2026-04-03
NOM-00000184,FAC-004,2026-04-04,GAS,75782.484,Internal Forecast,Gathering,ACTIVE,2026-04-04,2026-04-04
NOM-00000185,FAC-004,2026-04-05,NGL,64734.848,Affiliate,Processing,ACTIVE,2026-04-05,2026-04-05
NOM-00000186,FAC-004,2026-04-06,GAS,67948.201,Affiliate,Firm,ACTIVE,2026-04-06,2026-04-06
NOM-00000187,FAC-004,2026-04-07,GAS,68917.815,Operations,Firm,ACTIVE,2026-04-07,2026-04-07
NOM-00000188,FAC-004,2026-04-08,NGL,79377.456,Internal Forecast,Water Services,ACTIVE,2026-04-08,2026-04-08
NOM-00000189,FAC-004,2026-04-09,GAS,65551.354,Third-Party,Processing,ACTIVE,2026-04-09,2026-04-09
NOM-00000190,FAC-004,2026-04-10,GAS,65692.666,Operations,Gathering,PENDING,2026-04-10,2026-04-10
NOM-00000191,FAC-004,2026-04-11,GAS,81903.734,Third-Party,Gathering,ACTIVE,2026-04-11,2026-04-11
NOM-00000192,FAC-004,2026-04-12,GAS,64421.371,Affiliate,Water Services,ACTIVE,2026-04-12,2026-04-12
NOM-00000193,FAC-004,2026-04-13,GAS,67896.952,Third-Party,Water Services,ACTIVE,2026-04-13,2026-04-13
NOM-00000194,FAC-004,2026-04-14,NGL,70193.698,Third-Party,Gathering,ACTIVE,2026-04-14,2026-04-14
NOM-00000195,FAC-004,2026-04-15,GAS,71323.06,Affiliate,Interruptible,ACTIVE,2026-04-15,2026-04-15
NOM-00000196,FAC-004,2026-04-16,PRODUCED_WATER,84168.979,Third-Party,Water Services,ACTIVE,2026-04-16,2026-04-16
NOM-00000197,FAC-004,2026-04-17,GAS,65072.997,Operations,Interruptible,ACTIVE,2026-04-17,2026-04-17
NOM-00000198,FAC-004,2026-04-18,PRODUCED_WATER,72302.678,Internal Forecast,Gathering,ACTIVE,2026-04-18,2026-04-18
NOM-00000199,FAC-004,2026-04-19,PRODUCED_WATER,78087.334,Affiliate,Water Services,ACTIVE,2026-04-19,2026-04-19
NOM-00000200,FAC-004,2026-04-20,GAS,67022.397,Affiliate,Water Services,ACTIVE,2026-04-20,2026-04-20
NOM-00000201,FAC-004,2026-04-21,NGL,76202.711,Internal Forecast,Interruptible,ACTIVE,2026-04-21,2026-04-21
NOM-00000202,FAC-004,2026-04-22,GAS,77912.598,Internal Forecast,Gathering,ACTIVE,2026-04-22,2026-04-22
NOM-00000203,FAC-004,2026-04-23,GAS,83109.052,Internal Forecast,Water Services,ACTIVE,2026-04-23,2026-04-23
NOM-00000204,FAC-004,2026-04-24,GAS,75242.736,Commercial,Interruptible,ACTIVE,2026-04-24,2026-04-24
NOM-00000205,FAC-004,2026-04-25,GAS,74946.47,Operations,Firm,ACTIVE,2026-04-25,2026-04-25
NOM-00000206,FAC-004,2026-04-26,GAS,67917.223,Internal Forecast,Firm,ACTIVE,2026-04-26,2026-04-26
NOM-00000207,FAC-004,2026-04-27,CRUDE,68460.015,Internal Forecast,Interruptible,ACTIVE,2026-04-27,2026-04-27
NOM-00000208,FAC-004,2026-04-28,GAS,71748.291,Internal Forecast,Interruptible,ACTIVE,2026-04-28,2026-04-28
NOM-00000209,FAC-004,2026-04-29,GAS,69204.791,Operations,Processing,ACTIVE,2026-04-29,2026-04-29
NOM-00000210,FAC-004,2026-04-30,PRODUCED_WATER,72348.152,Internal Forecast,Firm,PENDING,2026-04-30,2026-04-30
NOM-00000211,FAC-004,2026-05-01,PRODUCED_WATER,67624.941,Internal Forecast,Processing,ACTIVE,2026-05-01,2026-05-01
NOM-00000212,FAC-004,2026-05-02,PRODUCED_WATER,70587.46,Internal Forecast,Interruptible,ACTIVE,2026-05-02,2026-05-02
NOM-00000213,FAC-004,2026-05-03,GAS,71737.29,Operations,Interruptible,REVISED,2026-05-03,2026-05-03
NOM-00000214,FAC-004,2026-05-04,GAS,68147.633,Operations,Gathering,ACTIVE,2026-05-04,2026-05-04
NOM-00000215,FAC-004,2026-05-05,GAS,61523.488,Affiliate,Water Services,REVISED,2026-05-05,2026-05-05
NOM-00000216,FAC-004,2026-05-06,GAS,76546.039,Commercial,Processing,ACTIVE,2026-05-06,2026-05-06
NOM-00000217,FAC-004,2026-05-07,GAS,83864.604,Commercial,Gathering,ACTIVE,2026-05-07,2026-05-07
NOM-00000218,FAC-004,2026-05-08,GAS,67440.05,Commercial,Gathering,ACTIVE,2026-05-08,2026-05-08
NOM-00000219,FAC-004,2026-05-09,GAS,59098.528,Affiliate,Gathering,ACTIVE,2026-05-09,2026-05-09
NOM-00000220,FAC-004,2026-05-10,NGL,66404.81,Third-Party,Gathering,ACTIVE,2026-05-10,2026-05-10
NOM-00000221,FAC-004,2026-05-11,GAS,75282.406,Third-Party,Gathering,ACTIVE,2026-05-11,2026-05-11
NOM-00000222,FAC-004,2026-05-12,GAS,74423.028,Operations,Interruptible,ACTIVE,2026-05-12,2026-05-12
NOM-00000223,FAC-004,2026-05-13,CRUDE,77283.436,Internal Forecast,Water Services,ACTIVE,2026-05-13,2026-05-13
NOM-00000224,FAC-004,2026-05-14,CRUDE,71834.089,Operations,Interruptible,ACTIVE,2026-05-14,2026-05-14
NOM-00000225,FAC-004,2026-05-15,GAS,68328.513,Commercial,Firm,ACTIVE,2026-05-15,2026-05-15
NOM-00000226,FAC-004,2026-05-16,GAS,70828.475,Commercial,Interruptible,ACTIVE,2026-05-16,2026-05-16
NOM-00000227,FAC-004,2026-05-17,GAS,70828.328,Third-Party,Gathering,ACTIVE,2026-05-17,2026-05-17
NOM-00000228,FAC-004,2026-05-18,NGL,71078.55,Commercial,Water Services,ACTIVE,2026-05-18,2026-05-18
NOM-00000229,FAC-004,2026-05-19,CRUDE,73813.746,Affiliate,Interruptible,ACTIVE,2026-05-19,2026-05-19
NOM-00000230,FAC-004,2026-05-20,GAS,69679.912,Operations,Processing,REVISED,2026-05-20,2026-05-20
NOM-00000231,FAC-004,2026-05-21,PRODUCED_WATER,70375.002,Internal Forecast,Firm,ACTIVE,2026-05-21,2026-05-21
NOM-00000232,FAC-004,2026-05-22,GAS,63691.308,Third-Party,Gathering,ACTIVE,2026-05-22,2026-05-22
NOM-00000233,FAC-004,2026-05-23,GAS,71018.288,Commercial,Processing,ACTIVE,2026-05-23,2026-05-23
NOM-00000234,FAC-004,2026-05-24,PRODUCED_WATER,73528.679,Internal Forecast,Water Services,ACTIVE,2026-05-24,2026-05-24
NOM-00000235,FAC-004,2026-05-25,GAS,70425.011,Internal Forecast,Firm,REVISED,2026-05-25,2026-05-25
NOM-00000236,FAC-004,2026-05-26,GAS,68395.06,Affiliate,Firm,ACTIVE,2026-05-26,2026-05-26
NOM-00000237,FAC-004,2026-05-27,GAS,71753.61,Operations,Interruptible,ACTIVE,2026-05-27,2026-05-27
NOM-00000238,FAC-004,2026-05-28,PRODUCED_WATER,64104.744,Affiliate,Interruptible,ACTIVE,2026-05-28,2026-05-28
NOM-00000239,FAC-004,2026-05-29,GAS,77907.554,Operations,Firm,ACTIVE,2026-05-29,2026-05-29
NOM-00000240,FAC-004,2026-05-30,GAS,67259.93,Internal Forecast,Water Services,ACTIVE,2026-05-30,2026-05-30
NOM-00000241,FAC-005,2026-04-01,PRODUCED_WATER,83555.802,Commercial,Water Services,ACTIVE,2026-04-01,2026-04-01
NOM-00000242,FAC-005,2026-04-02,GAS,84740.919,Operations,Gathering,ACTIVE,2026-04-02,2026-04-02
NOM-00000243,FAC-005,2026-04-03,GAS,78306.401,Operations,Interruptible,ACTIVE,2026-04-03,2026-04-03
NOM-00000244,FAC-005,2026-04-04,GAS,85912.193,Commercial,Processing,ACTIVE,2026-04-04,2026-04-04
NOM-00000245,FAC-005,2026-04-05,NGL,80836.777,Operations,Gathering,ACTIVE,2026-04-05,2026-04-05
NOM-00000246,FAC-005,2026-04-06,GAS,79098.861,Internal Forecast,Firm,ACTIVE,2026-04-06,2026-04-06
NOM-00000247,FAC-005,2026-04-07,GAS,83689.65,Commercial,Firm,ACTIVE,2026-04-07,2026-04-07
NOM-00000248,FAC-005,2026-04-08,CRUDE,84193.943,Commercial,Water Services,ACTIVE,2026-04-08,2026-04-08
NOM-00000249,FAC-005,2026-04-09,GAS,85384.849,Commercial,Interruptible,ACTIVE,2026-04-09,2026-04-09
NOM-00000250,FAC-005,2026-04-10,GAS,91763.959,Operations,Processing,ACTIVE,2026-04-10,2026-04-10
NOM-00000251,FAC-005,2026-04-11,NGL,84977.674,Third-Party,Processing,ACTIVE,2026-04-11,2026-04-11
NOM-00000252,FAC-005,2026-04-12,GAS,78943.012,Internal Forecast,Firm,ACTIVE,2026-04-12,2026-04-12
NOM-00000253,FAC-005,2026-04-13,NGL,86973.171,Third-Party,Gathering,ACTIVE,2026-04-13,2026-04-13
NOM-00000254,FAC-005,2026-04-14,NGL,84279.613,Operations,Interruptible,ACTIVE,2026-04-14,2026-04-14
NOM-00000255,FAC-005,2026-04-15,GAS,79064.272,Operations,Gathering,ACTIVE,2026-04-15,2026-04-15
NOM-00000256,FAC-005,2026-04-16,NGL,87417.633,Affiliate,Processing,ACTIVE,2026-04-16,2026-04-16
NOM-00000257,FAC-005,2026-04-17,GAS,77589.89,Commercial,Gathering,ACTIVE,2026-04-17,2026-04-17
NOM-00000258,FAC-005,2026-04-18,NGL,87065.849,Third-Party,Processing,ACTIVE,2026-04-18,2026-04-18
NOM-00000259,FAC-005,2026-04-19,NGL,79349.196,Internal Forecast,Firm,ACTIVE,2026-04-19,2026-04-19
NOM-00000260,FAC-005,2026-04-20,GAS,76000.838,Operations,Processing,REVISED,2026-04-20,2026-04-20
NOM-00000261,FAC-005,2026-04-21,CRUDE,79108.762,Operations,Processing,ACTIVE,2026-04-21,2026-04-21
NOM-00000262,FAC-005,2026-04-22,GAS,71525.977,Third-Party,Gathering,REVISED,2026-04-22,2026-04-22
NOM-00000263,FAC-005,2026-04-23,CRUDE,92253.306,Internal Forecast,Processing,ACTIVE,2026-04-23,2026-04-23
NOM-00000264,FAC-005,2026-04-24,GAS,80879.048,Affiliate,Gathering,ACTIVE,2026-04-24,2026-04-24
NOM-00000265,FAC-005,2026-04-25,GAS,90472.041,Internal Forecast,Gathering,ACTIVE,2026-04-25,2026-04-25
NOM-00000266,FAC-005,2026-04-26,GAS,84920.193,Third-Party,Interruptible,ACTIVE,2026-04-26,2026-04-26
NOM-00000267,FAC-005,2026-04-27,GAS,75667.827,Internal Forecast,Processing,ACTIVE,2026-04-27,2026-04-27
NOM-00000268,FAC-005,2026-04-28,NGL,83565.129,Affiliate,Processing,ACTIVE,2026-04-28,2026-04-28
NOM-00000269,FAC-005,2026-04-29,GAS,83417.803,Commercial,Processing,ACTIVE,2026-04-29,2026-04-29
NOM-00000270,FAC-005,2026-04-30,GAS,85741.33,Third-Party,Processing,ACTIVE,2026-04-30,2026-04-30
NOM-00000271,FAC-005,2026-05-01,GAS,82207.948,Operations,Gathering,ACTIVE,2026-05-01,2026-05-01
NOM-00000272,FAC-005,2026-05-02,PRODUCED_WATER,69184.74,Operations,Gathering,ACTIVE,2026-05-02,2026-05-02
NOM-00000273,FAC-005,2026-05-03,CRUDE,86269.973,Commercial,Water Services,ACTIVE,2026-05-03,2026-05-03
NOM-00000274,FAC-005,2026-05-04,CRUDE,88910.057,Affiliate,Interruptible,REVISED,2026-05-04,2026-05-04
NOM-00000275,FAC-005,2026-05-05,NGL,77254.905,Third-Party,Water Services,ACTIVE,2026-05-05,2026-05-05
NOM-00000276,FAC-005,2026-05-06,NGL,94945.675,Third-Party,Interruptible,ACTIVE,2026-05-06,2026-05-06
NOM-00000277,FAC-005,2026-05-07,GAS,77999.129,Affiliate,Gathering,ACTIVE,2026-05-07,2026-05-07
NOM-00000278,FAC-005,2026-05-08,GAS,99783.233,Operations,Gathering,REVISED,2026-05-08,2026-05-08
NOM-00000279,FAC-005,2026-05-09,GAS,89252.732,Third-Party,Interruptible,ACTIVE,2026-05-09,2026-05-09
NOM-00000280,FAC-005,2026-05-10,CRUDE,81536.972,Internal Forecast,Water Services,ACTIVE,2026-05-10,2026-05-10
NOM-00000281,FAC-005,2026-05-11,PRODUCED_WATER,68489.624,Third-Party,Gathering,ACTIVE,2026-05-11,2026-05-11
NOM-00000282,FAC-005,2026-05-12,GAS,85393.78,Operations,Firm,ACTIVE,2026-05-12,2026-05-12
NOM-00000283,FAC-005,2026-05-13,GAS,85847.088,Internal Forecast,Processing,ACTIVE,2026-05-13,2026-05-13
NOM-00000284,FAC-005,2026-05-14,CRUDE,78349.163,Commercial,Firm,ACTIVE,2026-05-14,2026-05-14
NOM-00000285,FAC-005,2026-05-15,GAS,80238.489,Third-Party,Interruptible,ACTIVE,2026-05-15,2026-05-15
NOM-00000286,FAC-005,2026-05-16,PRODUCED_WATER,75048.98,Third-Party,Processing,ACTIVE,2026-05-16,2026-05-16
NOM-00000287,FAC-005,2026-05-17,GAS,90458.773,Third-Party,Processing,ACTIVE,2026-05-17,2026-05-17
NOM-00000288,FAC-005,2026-05-18,GAS,81753.68,Affiliate,Firm,ACTIVE,2026-05-18,2026-05-18
NOM-00000289,FAC-005,2026-05-19,GAS,77973.418,Commercial,Water Services,ACTIVE,2026-05-19,2026-05-19
NOM-00000290,FAC-005,2026-05-20,GAS,86410.879,Commercial,Processing,ACTIVE,2026-05-20,2026-05-20
NOM-00000291,FAC-005,2026-05-21,GAS,90562.911,Third-Party,Interruptible,ACTIVE,2026-05-21,2026-05-21
NOM-00000292,FAC-005,2026-05-22,CRUDE,86605.264,Operations,Water Services,ACTIVE,2026-05-22,2026-05-22
NOM-00000293,FAC-005,2026-05-23,GAS,86547.634,Third-Party,Interruptible,ACTIVE,2026-05-23,2026-05-23
NOM-00000294,FAC-005,2026-05-24,GAS,91361.162,Affiliate,Firm,ACTIVE,2026-05-24,2026-05-24
NOM-00000295,FAC-005,2026-05-25,GAS,87484.763,Affiliate,Firm,ACTIVE,2026-05-25,2026-05-25
NOM-00000296,FAC-005,2026-05-26,CRUDE,75570.666,Commercial,Gathering,ACTIVE,2026-05-26,2026-05-26
NOM-00000297,FAC-005,2026-05-27,GAS,87129.876,Operations,Processing,ACTIVE,2026-05-27,2026-05-27
NOM-00000298,FAC-005,2026-05-28,GAS,87762.663,Internal Forecast,Interruptible,PENDING,2026-05-28,2026-05-28
NOM-00000299,FAC-005,2026-05-29,NGL,77421.529,Operations,Water Services,ACTIVE,2026-05-29,2026-05-29
NOM-00000300,FAC-005,2026-05-30,NGL,79141.523,Operations,Firm,ACTIVE,2026-05-30,2026-05-30
NOM-00000301,FAC-006,2026-04-01,CRUDE,77957.748,Third-Party,Firm,ACTIVE,2026-04-01,2026-04-01
NOM-00000302,FAC-006,2026-04-02,NGL,90037.178,Operations,Processing,ACTIVE,2026-04-02,2026-04-02
NOM-00000303,FAC-006,2026-04-03,GAS,74278.989,Commercial,Interruptible,ACTIVE,2026-04-03,2026-04-03
NOM-00000304,FAC-006,2026-04-04,GAS,89385.541,Third-Party,Processing,ACTIVE,2026-04-04,2026-04-04
NOM-00000305,FAC-006,2026-04-05,PRODUCED_WATER,69501.898,Affiliate,Processing,ACTIVE,2026-04-05,2026-04-05
NOM-00000306,FAC-006,2026-04-06,CRUDE,83534.973,Operations,Gathering,ACTIVE,2026-04-06,2026-04-06
NOM-00000307,FAC-006,2026-04-07,CRUDE,65096.215,Commercial,Interruptible,ACTIVE,2026-04-07,2026-04-07
NOM-00000308,FAC-006,2026-04-08,GAS,81280.405,Third-Party,Processing,ACTIVE,2026-04-08,2026-04-08
NOM-00000309,FAC-006,2026-04-09,GAS,88574.517,Affiliate,Processing,ACTIVE,2026-04-09,2026-04-09
NOM-00000310,FAC-006,2026-04-10,GAS,84969.393,Commercial,Processing,ACTIVE,2026-04-10,2026-04-10
NOM-00000311,FAC-006,2026-04-11,NGL,86241.61,Commercial,Processing,ACTIVE,2026-04-11,2026-04-11
NOM-00000312,FAC-006,2026-04-12,GAS,77936.109,Internal Forecast,Gathering,ACTIVE,2026-04-12,2026-04-12
NOM-00000313,FAC-006,2026-04-13,GAS,73506.026,Operations,Gathering,ACTIVE,2026-04-13,2026-04-13
NOM-00000314,FAC-006,2026-04-14,PRODUCED_WATER,61773.133,Third-Party,Firm,ACTIVE,2026-04-14,2026-04-14
NOM-00000315,FAC-006,2026-04-15,PRODUCED_WATER,82917.545,Operations,Gathering,ACTIVE,2026-04-15,2026-04-15
NOM-00000316,FAC-006,2026-04-16,GAS,84806.124,Commercial,Gathering,ACTIVE,2026-04-16,2026-04-16
NOM-00000317,FAC-006,2026-04-17,PRODUCED_WATER,81705.016,Third-Party,Processing,ACTIVE,2026-04-17,2026-04-17
NOM-00000318,FAC-006,2026-04-18,PRODUCED_WATER,84749.376,Commercial,Interruptible,ACTIVE,2026-04-18,2026-04-18
NOM-00000319,FAC-006,2026-04-19,NGL,73942.651,Operations,Processing,ACTIVE,2026-04-19,2026-04-19
NOM-00000320,FAC-006,2026-04-20,PRODUCED_WATER,85576.785,Commercial,Interruptible,ACTIVE,2026-04-20,2026-04-20
NOM-00000321,FAC-006,2026-04-21,GAS,81923.406,Operations,Gathering,ACTIVE,2026-04-21,2026-04-21
NOM-00000322,FAC-006,2026-04-22,PRODUCED_WATER,76050.023,Affiliate,Interruptible,ACTIVE,2026-04-22,2026-04-22
NOM-00000323,FAC-006,2026-04-23,PRODUCED_WATER,81277.065,Third-Party,Gathering,ACTIVE,2026-04-23,2026-04-23
NOM-00000324,FAC-006,2026-04-24,GAS,75619.188,Affiliate,Gathering,ACTIVE,2026-04-24,2026-04-24
NOM-00000325,FAC-006,2026-04-25,GAS,85397.634,Operations,Interruptible,ACTIVE,2026-04-25,2026-04-25
NOM-00000326,FAC-006,2026-04-26,GAS,79665.955,Third-Party,Firm,ACTIVE,2026-04-26,2026-04-26
NOM-00000327,FAC-006,2026-04-27,CRUDE,80817.375,Affiliate,Gathering,ACTIVE,2026-04-27,2026-04-27
NOM-00000328,FAC-006,2026-04-28,CRUDE,78575.999,Commercial,Gathering,ACTIVE,2026-04-28,2026-04-28
NOM-00000329,FAC-006,2026-04-29,GAS,66593.465,Internal Forecast,Interruptible,PENDING,2026-04-29,2026-04-29
NOM-00000330,FAC-006,2026-04-30,GAS,83869.846,Affiliate,Firm,ACTIVE,2026-04-30,2026-04-30
NOM-00000331,FAC-006,2026-05-01,GAS,93895.819,Operations,Processing,ACTIVE,2026-05-01,2026-05-01
NOM-00000332,FAC-006,2026-05-02,GAS,82923.063,Commercial,Water Services,ACTIVE,2026-05-02,2026-05-02
NOM-00000333,FAC-006,2026-05-03,GAS,83469.036,Internal Forecast,Gathering,ACTIVE,2026-05-03,2026-05-03
NOM-00000334,FAC-006,2026-05-04,GAS,79163.62,Internal Forecast,Gathering,ACTIVE,2026-05-04,2026-05-04
NOM-00000335,FAC-006,2026-05-05,PRODUCED_WATER,77875.865,Internal Forecast,Water Services,ACTIVE,2026-05-05,2026-05-05
NOM-00000336,FAC-006,2026-05-06,NGL,82126.419,Affiliate,Water Services,ACTIVE,2026-05-06,2026-05-06
NOM-00000337,FAC-006,2026-05-07,GAS,74752.892,Commercial,Firm,ACTIVE,2026-05-07,2026-05-07
NOM-00000338,FAC-006,2026-05-08,PRODUCED_WATER,90208.051,Commercial,Processing,ACTIVE,2026-05-08,2026-05-08
NOM-00000339,FAC-006,2026-05-09,PRODUCED_WATER,76110.635,Third-Party,Water Services,ACTIVE,2026-05-09,2026-05-09
NOM-00000340,FAC-006,2026-05-10,GAS,70026.739,Internal Forecast,Firm,ACTIVE,2026-05-10,2026-05-10
NOM-00000341,FAC-006,2026-05-11,GAS,89236.898,Commercial,Gathering,ACTIVE,2026-05-11,2026-05-11
NOM-00000342,FAC-006,2026-05-12,PRODUCED_WATER,82523.619,Third-Party,Water Services,ACTIVE,2026-05-12,2026-05-12
NOM-00000343,FAC-006,2026-05-13,NGL,91941.876,Affiliate,Gathering,ACTIVE,2026-05-13,2026-05-13
NOM-00000344,FAC-006,2026-05-14,CRUDE,86042.11,Affiliate,Processing,ACTIVE,2026-05-14,2026-05-14
NOM-00000345,FAC-006,2026-05-15,NGL,69948.456,Operations,Interruptible,ACTIVE,2026-05-15,2026-05-15
NOM-00000346,FAC-006,2026-05-16,GAS,88976.569,Third-Party,Firm,ACTIVE,2026-05-16,2026-05-16
NOM-00000347,FAC-006,2026-05-17,CRUDE,81136.165,Third-Party,Interruptible,ACTIVE,2026-05-17,2026-05-17
NOM-00000348,FAC-006,2026-05-18,NGL,70496.976,Internal Forecast,Interruptible,ACTIVE,2026-05-18,2026-05-18
NOM-00000349,FAC-006,2026-05-19,PRODUCED_WATER,78263.103,Commercial,Water Services,ACTIVE,2026-05-19,2026-05-19
NOM-00000350,FAC-006,2026-05-20,PRODUCED_WATER,63629.211,Internal Forecast,Processing,ACTIVE,2026-05-20,2026-05-20
NOM-00000351,FAC-006,2026-05-21,GAS,80331.148,Commercial,Interruptible,ACTIVE,2026-05-21,2026-05-21
NOM-00000352,FAC-006,2026-05-22,CRUDE,91746.031,Commercial,Processing,REVISED,2026-05-22,2026-05-22
NOM-00000353,FAC-006,2026-05-23,GAS,74873.501,Third-Party,Gathering,ACTIVE,2026-05-23,2026-05-23
NOM-00000354,FAC-006,2026-05-24,GAS,80212.067,Commercial,Processing,ACTIVE,2026-05-24,2026-05-24
NOM-00000355,FAC-006,2026-05-25,GAS,86370.188,Operations,Firm,ACTIVE,2026-05-25,2026-05-25
NOM-00000356,FAC-006,2026-05-26,CRUDE,129979.563,Operations,Water Services,ACTIVE,2026-05-26,2026-05-26
NOM-00000357,FAC-006,2026-05-27,GAS,79034.857,Affiliate,Firm,ACTIVE,2026-05-27,2026-05-27
NOM-00000358,FAC-006,2026-05-28,GAS,73348.444,Third-Party,Processing,ACTIVE,2026-05-28,2026-05-28
NOM-00000359,FAC-006,2026-05-29,NGL,68418.633,Third-Party,Interruptible,ACTIVE,2026-05-29,2026-05-29
NOM-00000360,FAC-006,2026-05-30,GAS,81376.251,Operations,Processing,PENDING,2026-05-30,2026-05-30
NOM-00000361,FAC-007,2026-04-01,GAS,75550.373,Operations,Water Services,ACTIVE,2026-04-01,2026-04-01
NOM-00000362,FAC-007,2026-04-02,GAS,76244.624,Affiliate,Water Services,ACTIVE,2026-04-02,2026-04-02
NOM-00000363,FAC-007,2026-04-03,NGL,81140.7,Third-Party,Processing,ACTIVE,2026-04-03,2026-04-03
NOM-00000364,FAC-007,2026-04-04,GAS,68052.52,Operations,Gathering,ACTIVE,2026-04-04,2026-04-04
NOM-00000365,FAC-007,2026-04-05,GAS,53811.008,Third-Party,Water Services,ACTIVE,2026-04-05,2026-04-05
NOM-00000366,FAC-007,2026-04-06,GAS,63602.304,Commercial,Water Services,ACTIVE,2026-04-06,2026-04-06
NOM-00000367,FAC-007,2026-04-07,CRUDE,69383.505,Internal Forecast,Water Services,ACTIVE,2026-04-07,2026-04-07
NOM-00000368,FAC-007,2026-04-08,GAS,77051.803,Internal Forecast,Firm,ACTIVE,2026-04-08,2026-04-08
NOM-00000369,FAC-007,2026-04-09,PRODUCED_WATER,68754.653,Affiliate,Gathering,ACTIVE,2026-04-09,2026-04-09
NOM-00000370,FAC-007,2026-04-10,PRODUCED_WATER,79779.824,Internal Forecast,Gathering,ACTIVE,2026-04-10,2026-04-10
NOM-00000371,FAC-007,2026-04-11,GAS,69696.821,Operations,Gathering,ACTIVE,2026-04-11,2026-04-11
NOM-00000372,FAC-007,2026-04-12,NGL,54428.636,Affiliate,Processing,ACTIVE,2026-04-12,2026-04-12
NOM-00000373,FAC-007,2026-04-13,NGL,63597.045,Operations,Gathering,ACTIVE,2026-04-13,2026-04-13
NOM-00000374,FAC-007,2026-04-14,GAS,65718.435,Third-Party,Interruptible,ACTIVE,2026-04-14,2026-04-14
NOM-00000375,FAC-007,2026-04-15,CRUDE,74406.562,Third-Party,Water Services,ACTIVE,2026-04-15,2026-04-15
NOM-00000376,FAC-007,2026-04-16,GAS,75731.368,Affiliate,Firm,ACTIVE,2026-04-16,2026-04-16
NOM-00000377,FAC-007,2026-04-17,PRODUCED_WATER,78098.589,Affiliate,Water Services,PENDING,2026-04-17,2026-04-17
NOM-00000378,FAC-007,2026-04-18,NGL,65527.824,Affiliate,Processing,ACTIVE,2026-04-18,2026-04-18
NOM-00000379,FAC-007,2026-04-19,PRODUCED_WATER,65542.236,Affiliate,Interruptible,ACTIVE,2026-04-19,2026-04-19
NOM-00000380,FAC-007,2026-04-20,GAS,70954.959,Third-Party,Gathering,ACTIVE,2026-04-20,2026-04-20
NOM-00000381,FAC-007,2026-04-21,GAS,64739.022,Commercial,Interruptible,ACTIVE,2026-04-21,2026-04-21
NOM-00000382,FAC-007,2026-04-22,NGL,78850.162,Affiliate,Firm,ACTIVE,2026-04-22,2026-04-22
NOM-00000383,FAC-007,2026-04-23,GAS,66242.068,Internal Forecast,Processing,ACTIVE,2026-04-23,2026-04-23
NOM-00000384,FAC-007,2026-04-24,CRUDE,73218.566,Internal Forecast,Gathering,ACTIVE,2026-04-24,2026-04-24
NOM-00000385,FAC-007,2026-04-25,NGL,71709.132,Operations,Gathering,ACTIVE,2026-04-25,2026-04-25
NOM-00000386,FAC-007,2026-04-26,GAS,66850.684,Affiliate,Water Services,ACTIVE,2026-04-26,2026-04-26
NOM-00000387,FAC-007,2026-04-27,GAS,67196.808,Internal Forecast,Firm,ACTIVE,2026-04-27,2026-04-27
NOM-00000388,FAC-007,2026-04-28,GAS,68515.671,Affiliate,Water Services,ACTIVE,2026-04-28,2026-04-28
NOM-00000389,FAC-007,2026-04-29,GAS,72071.123,Internal Forecast,Interruptible,ACTIVE,2026-04-29,2026-04-29
NOM-00000390,FAC-007,2026-04-30,PRODUCED_WATER,77285.979,Affiliate,Gathering,REVISED,2026-04-30,2026-04-30
NOM-00000391,FAC-007,2026-05-01,GAS,66065.534,Third-Party,Processing,ACTIVE,2026-05-01,2026-05-01
NOM-00000392,FAC-007,2026-05-02,GAS,75781.863,Affiliate,Water Services,PENDING,2026-05-02,2026-05-02
NOM-00000393,FAC-007,2026-05-03,GAS,54544.223,Affiliate,Processing,ACTIVE,2026-05-03,2026-05-03
NOM-00000394,FAC-007,2026-05-04,GAS,64669.205,Internal Forecast,Water Services,ACTIVE,2026-05-04,2026-05-04
NOM-00000395,FAC-007,2026-05-05,GAS,57471.604,Operations,Interruptible,ACTIVE,2026-05-05,2026-05-05
NOM-00000396,FAC-007,2026-05-06,GAS,75622.939,Operations,Interruptible,ACTIVE,2026-05-06,2026-05-06
NOM-00000397,FAC-007,2026-05-07,NGL,70342.738,Third-Party,Interruptible,ACTIVE,2026-05-07,2026-05-07
NOM-00000398,FAC-007,2026-05-08,NGL,65191.438,Third-Party,Interruptible,ACTIVE,2026-05-08,2026-05-08
NOM-00000399,FAC-007,2026-05-09,GAS,66813.12,Commercial,Water Services,ACTIVE,2026-05-09,2026-05-09
NOM-00000400,FAC-007,2026-05-10,CRUDE,62226.675,Third-Party,Firm,ACTIVE,2026-05-10,2026-05-10
NOM-00000401,FAC-007,2026-05-11,GAS,65285.679,Third-Party,Firm,ACTIVE,2026-05-11,2026-05-11
NOM-00000402,FAC-007,2026-05-12,CRUDE,62381.506,Internal Forecast,Processing,ACTIVE,2026-05-12,2026-05-12
NOM-00000403,FAC-007,2026-05-13,GAS,75814.872,Operations,Interruptible,ACTIVE,2026-05-13,2026-05-13
NOM-00000404,FAC-007,2026-05-14,GAS,57360.281,Affiliate,Water Services,ACTIVE,2026-05-14,2026-05-14
NOM-00000405,FAC-007,2026-05-15,GAS,69030.822,Internal Forecast,Gathering,ACTIVE,2026-05-15,2026-05-15
NOM-00000406,FAC-007,2026-05-16,GAS,70706.785,Affiliate,Interruptible,ACTIVE,2026-05-16,2026-05-16
NOM-00000407,FAC-007,2026-05-17,GAS,64665.743,Operations,Processing,ACTIVE,2026-05-17,2026-05-17
NOM-00000408,FAC-007,2026-05-18,PRODUCED_WATER,60592.419,Commercial,Firm,ACTIVE,2026-05-18,2026-05-18
NOM-00000409,FAC-007,2026-05-19,PRODUCED_WATER,77544.988,Operations,Water Services,ACTIVE,2026-05-19,2026-05-19
NOM-00000410,FAC-007,2026-05-20,PRODUCED_WATER,56026.546,Operations,Interruptible,ACTIVE,2026-05-20,2026-05-20
NOM-00000411,FAC-007,2026-05-21,GAS,69639.297,Operations,Processing,ACTIVE,2026-05-21,2026-05-21
NOM-00000412,FAC-007,2026-05-22,GAS,75369.633,Affiliate,Water Services,ACTIVE,2026-05-22,2026-05-22
NOM-00000413,FAC-007,2026-05-23,GAS,69966.987,Internal Forecast,Water Services,ACTIVE,2026-05-23,2026-05-23
NOM-00000414,FAC-007,2026-05-24,PRODUCED_WATER,71507.668,Affiliate,Firm,ACTIVE,2026-05-24,2026-05-24
NOM-00000415,FAC-007,2026-05-25,NGL,60983.154,Third-Party,Water Services,ACTIVE,2026-05-25,2026-05-25
NOM-00000416,FAC-007,2026-05-26,GAS,68696.594,Affiliate,Firm,ACTIVE,2026-05-26,2026-05-26
NOM-00000417,FAC-007,2026-05-27,GAS,58938.58,Third-Party,Processing,ACTIVE,2026-05-27,2026-05-27
NOM-00000418,FAC-007,2026-05-28,GAS,69104.212,Commercial,Water Services,ACTIVE,2026-05-28,2026-05-28
NOM-00000419,FAC-007,2026-05-29,GAS,69320.235,Third-Party,Water Services,ACTIVE,2026-05-29,2026-05-29
NOM-00000420,FAC-007,2026-05-30,GAS,81285.611,Affiliate,Gathering,ACTIVE,2026-05-30,2026-05-30
NOM-00000421,FAC-008,2026-04-01,CRUDE,84447.067,Third-Party,Processing,PENDING,2026-04-01,2026-04-01
NOM-00000422,FAC-008,2026-04-02,PRODUCED_WATER,77943.79,Third-Party,Gathering,ACTIVE,2026-04-02,2026-04-02
NOM-00000423,FAC-008,2026-04-03,GAS,67479.956,Internal Forecast,Interruptible,ACTIVE,2026-04-03,2026-04-03
NOM-00000424,FAC-008,2026-04-04,NGL,75896.278,Operations,Firm,ACTIVE,2026-04-04,2026-04-04
NOM-00000425,FAC-008,2026-04-05,GAS,73375.323,Operations,Gathering,ACTIVE,2026-04-05,2026-04-05
NOM-00000426,FAC-008,2026-04-06,PRODUCED_WATER,70457.74,Third-Party,Gathering,ACTIVE,2026-04-06,2026-04-06
NOM-00000427,FAC-008,2026-04-07,GAS,66528.048,Internal Forecast,Gathering,ACTIVE,2026-04-07,2026-04-07
NOM-00000428,FAC-008,2026-04-08,GAS,71258.942,Commercial,Firm,ACTIVE,2026-04-08,2026-04-08
NOM-00000429,FAC-008,2026-04-09,NGL,75684.109,Commercial,Interruptible,ACTIVE,2026-04-09,2026-04-09
NOM-00000430,FAC-008,2026-04-10,GAS,76653.736,Affiliate,Gathering,ACTIVE,2026-04-10,2026-04-10
NOM-00000431,FAC-008,2026-04-11,GAS,70034.88,Operations,Processing,ACTIVE,2026-04-11,2026-04-11
NOM-00000432,FAC-008,2026-04-12,GAS,75005.92,Commercial,Interruptible,ACTIVE,2026-04-12,2026-04-12
NOM-00000433,FAC-008,2026-04-13,NGL,77628.909,Internal Forecast,Water Services,ACTIVE,2026-04-13,2026-04-13
NOM-00000434,FAC-008,2026-04-14,GAS,73240.852,Internal Forecast,Water Services,ACTIVE,2026-04-14,2026-04-14
NOM-00000435,FAC-008,2026-04-15,GAS,71457.266,Affiliate,Firm,ACTIVE,2026-04-15,2026-04-15
NOM-00000436,FAC-008,2026-04-16,CRUDE,75269.132,Commercial,Processing,ACTIVE,2026-04-16,2026-04-16
NOM-00000437,FAC-008,2026-04-17,GAS,69998.388,Affiliate,Firm,REVISED,2026-04-17,2026-04-17
NOM-00000438,FAC-008,2026-04-18,GAS,90127.005,Operations,Interruptible,ACTIVE,2026-04-18,2026-04-18
NOM-00000439,FAC-008,2026-04-19,GAS,72093.729,Commercial,Gathering,ACTIVE,2026-04-19,2026-04-19
NOM-00000440,FAC-008,2026-04-20,NGL,70823.083,Affiliate,Water Services,ACTIVE,2026-04-20,2026-04-20
NOM-00000441,FAC-008,2026-04-21,NGL,76369.873,Commercial,Processing,ACTIVE,2026-04-21,2026-04-21
NOM-00000442,FAC-008,2026-04-22,GAS,74350.973,Affiliate,Interruptible,ACTIVE,2026-04-22,2026-04-22
NOM-00000443,FAC-008,2026-04-23,GAS,68690.307,Operations,Firm,ACTIVE,2026-04-23,2026-04-23
NOM-00000444,FAC-008,2026-04-24,PRODUCED_WATER,74397.464,Affiliate,Firm,ACTIVE,2026-04-24,2026-04-24
NOM-00000445,FAC-008,2026-04-25,PRODUCED_WATER,78791.399,Affiliate,Water Services,ACTIVE,2026-04-25,2026-04-25
NOM-00000446,FAC-008,2026-04-26,GAS,71392.838,Affiliate,Water Services,ACTIVE,2026-04-26,2026-04-26
NOM-00000447,FAC-008,2026-04-27,CRUDE,77126.198,Commercial,Firm,ACTIVE,2026-04-27,2026-04-27
NOM-00000448,FAC-008,2026-04-28,CRUDE,76156.479,Affiliate,Processing,ACTIVE,2026-04-28,2026-04-28
NOM-00000449,FAC-008,2026-04-29,NGL,61014.979,Operations,Interruptible,ACTIVE,2026-04-29,2026-04-29
NOM-00000450,FAC-008,2026-04-30,NGL,95744.29,Commercial,Firm,ACTIVE,2026-04-30,2026-04-30
NOM-00000451,FAC-008,2026-05-01,GAS,72450.293,Affiliate,Water Services,ACTIVE,2026-05-01,2026-05-01
NOM-00000452,FAC-008,2026-05-02,CRUDE,71684.65,Commercial,Gathering,ACTIVE,2026-05-02,2026-05-02
NOM-00000453,FAC-008,2026-05-03,GAS,69886.747,Commercial,Processing,ACTIVE,2026-05-03,2026-05-03
NOM-00000454,FAC-008,2026-05-04,GAS,66842.256,Third-Party,Water Services,ACTIVE,2026-05-04,2026-05-04
NOM-00000455,FAC-008,2026-05-05,GAS,70963.457,Operations,Firm,ACTIVE,2026-05-05,2026-05-05
NOM-00000456,FAC-008,2026-05-06,GAS,86919.836,Internal Forecast,Interruptible,ACTIVE,2026-05-06,2026-05-06
NOM-00000457,FAC-008,2026-05-07,CRUDE,70817.137,Internal Forecast,Interruptible,ACTIVE,2026-05-07,2026-05-07
NOM-00000458,FAC-008,2026-05-08,CRUDE,83478.755,Internal Forecast,Water Services,ACTIVE,2026-05-08,2026-05-08
NOM-00000459,FAC-008,2026-05-09,GAS,72838.079,Internal Forecast,Water Services,ACTIVE,2026-05-09,2026-05-09
NOM-00000460,FAC-008,2026-05-10,CRUDE,71156.421,Operations,Interruptible,PENDING,2026-05-10,2026-05-10
NOM-00000461,FAC-008,2026-05-11,CRUDE,69160.82,Affiliate,Interruptible,REVISED,2026-05-11,2026-05-11
NOM-00000462,FAC-008,2026-05-12,GAS,67188.232,Affiliate,Water Services,ACTIVE,2026-05-12,2026-05-12
NOM-00000463,FAC-008,2026-05-13,NGL,62734.752,Commercial,Water Services,ACTIVE,2026-05-13,2026-05-13
NOM-00000464,FAC-008,2026-05-14,GAS,91403.243,Third-Party,Water Services,ACTIVE,2026-05-14,2026-05-14
NOM-00000465,FAC-008,2026-05-15,NGL,79147.968,Third-Party,Interruptible,ACTIVE,2026-05-15,2026-05-15
NOM-00000466,FAC-008,2026-05-16,GAS,81682.599,Third-Party,Processing,ACTIVE,2026-05-16,2026-05-16
NOM-00000467,FAC-008,2026-05-17,GAS,70956.31,Internal Forecast,Firm,ACTIVE,2026-05-17,2026-05-17
NOM-00000468,FAC-008,2026-05-18,NGL,72719.135,Internal Forecast,Firm,ACTIVE,2026-05-18,2026-05-18
NOM-00000469,FAC-008,2026-05-19,GAS,75713.233,Third-Party,Interruptible,ACTIVE,2026-05-19,2026-05-19
NOM-00000470,FAC-008,2026-05-20,GAS,72063.211,Operations,Processing,ACTIVE,2026-05-20,2026-05-20
NOM-00000471,FAC-008,2026-05-21,GAS,81214.496,Affiliate,Firm,ACTIVE,2026-05-21,2026-05-21
NOM-00000472,FAC-008,2026-05-22,GAS,80925.523,Affiliate,Water Services,ACTIVE,2026-05-22,2026-05-22
NOM-00000473,FAC-008,2026-05-23,GAS,66061.254,Affiliate,Water Services,ACTIVE,2026-05-23,2026-05-23
NOM-00000474,FAC-008,2026-05-24,GAS,74157.063,Affiliate,Processing,ACTIVE,2026-05-24,2026-05-24
NOM-00000475,FAC-008,2026-05-25,GAS,61779.175,Internal Forecast,Firm,ACTIVE,2026-05-25,2026-05-25
NOM-00000476,FAC-008,2026-05-26,CRUDE,76788.124,Commercial,Firm,ACTIVE,2026-05-26,2026-05-26
NOM-00000477,FAC-008,2026-05-27,PRODUCED_WATER,79754.715,Third-Party,Processing,ACTIVE,2026-05-27,2026-05-27
NOM-00000478,FAC-008,2026-05-28,GAS,66201.582,Commercial,Interruptible,ACTIVE,2026-05-28,2026-05-28
NOM-00000479,FAC-008,2026-05-29,CRUDE,75576.362,Internal Forecast,Firm,ACTIVE,2026-05-29,2026-05-29
NOM-00000480,FAC-008,2026-05-30,GAS,67481.156,Commercial,Water Services,ACTIVE,2026-05-30,2026-05-30
NOM-00000481,FAC-009,2026-04-01,GAS,62531.159,Affiliate,Gathering,REVISED,2026-04-01,2026-04-01
NOM-00000482,FAC-009,2026-04-02,NGL,70513.422,Internal Forecast,Interruptible,ACTIVE,2026-04-02,2026-04-02
NOM-00000483,FAC-009,2026-04-03,GAS,59791.724,Affiliate,Water Services,PENDING,2026-04-03,2026-04-03
NOM-00000484,FAC-009,2026-04-04,GAS,60243.262,Affiliate,Water Services,ACTIVE,2026-04-04,2026-04-04
NOM-00000485,FAC-009,2026-04-05,GAS,56061.24,Commercial,Processing,ACTIVE,2026-04-05,2026-04-05
NOM-00000486,FAC-009,2026-04-06,GAS,59076.375,Internal Forecast,Water Services,ACTIVE,2026-04-06,2026-04-06
NOM-00000487,FAC-009,2026-04-07,GAS,65192.756,Third-Party,Interruptible,ACTIVE,2026-04-07,2026-04-07
NOM-00000488,FAC-009,2026-04-08,GAS,66194.338,Third-Party,Processing,ACTIVE,2026-04-08,2026-04-08
NOM-00000489,FAC-009,2026-04-09,GAS,61429.307,Affiliate,Interruptible,ACTIVE,2026-04-09,2026-04-09
NOM-00000490,FAC-009,2026-04-10,NGL,65014.882,Affiliate,Processing,ACTIVE,2026-04-10,2026-04-10
NOM-00000491,FAC-009,2026-04-11,GAS,65497.019,Third-Party,Water Services,ACTIVE,2026-04-11,2026-04-11
NOM-00000492,FAC-009,2026-04-12,GAS,65030.454,Commercial,Gathering,ACTIVE,2026-04-12,2026-04-12
NOM-00000493,FAC-009,2026-04-13,GAS,56933.81,Internal Forecast,Interruptible,ACTIVE,2026-04-13,2026-04-13
NOM-00000494,FAC-009,2026-04-14,GAS,58273.709,Commercial,Water Services,ACTIVE,2026-04-14,2026-04-14
NOM-00000495,FAC-009,2026-04-15,GAS,49411.494,Commercial,Firm,ACTIVE,2026-04-15,2026-04-15
NOM-00000496,FAC-009,2026-04-16,CRUDE,60451.641,Third-Party,Processing,ACTIVE,2026-04-16,2026-04-16
NOM-00000497,FAC-009,2026-04-17,GAS,57525.839,Operations,Firm,ACTIVE,2026-04-17,2026-04-17
NOM-00000498,FAC-009,2026-04-18,GAS,62821.914,Affiliate,Processing,ACTIVE,2026-04-18,2026-04-18
NOM-00000499,FAC-009,2026-04-19,GAS,51978.908,Affiliate,Gathering,ACTIVE,2026-04-19,2026-04-19
NOM-00000500,FAC-009,2026-04-20,GAS,56947.487,Commercial,Gathering,ACTIVE,2026-04-20,2026-04-20
NOM-00000501,FAC-009,2026-04-21,PRODUCED_WATER,69383.982,Operations,Firm,ACTIVE,2026-04-21,2026-04-21
NOM-00000502,FAC-009,2026-04-22,NGL,52314.093,Commercial,Firm,ACTIVE,2026-04-22,2026-04-22
NOM-00000503,FAC-009,2026-04-23,NGL,55421.418,Third-Party,Processing,ACTIVE,2026-04-23,2026-04-23
NOM-00000504,FAC-009,2026-04-24,GAS,58695.938,Operations,Water Services,ACTIVE,2026-04-24,2026-04-24
NOM-00000505,FAC-009,2026-04-25,NGL,60042.303,Commercial,Gathering,ACTIVE,2026-04-25,2026-04-25
NOM-00000506,FAC-009,2026-04-26,GAS,54981.907,Internal Forecast,Processing,ACTIVE,2026-04-26,2026-04-26
NOM-00000507,FAC-009,2026-04-27,NGL,50285.141,Commercial,Gathering,ACTIVE,2026-04-27,2026-04-27
NOM-00000508,FAC-009,2026-04-28,PRODUCED_WATER,63481.805,Affiliate,Processing,ACTIVE,2026-04-28,2026-04-28
NOM-00000509,FAC-009,2026-04-29,GAS,54623.606,Third-Party,Firm,ACTIVE,2026-04-29,2026-04-29
NOM-00000510,FAC-009,2026-04-30,GAS,60517.79,Affiliate,Interruptible,ACTIVE,2026-04-30,2026-04-30
NOM-00000511,FAC-009,2026-05-01,CRUDE,65668.227,Commercial,Processing,ACTIVE,2026-05-01,2026-05-01
NOM-00000512,FAC-009,2026-05-02,PRODUCED_WATER,58245.374,Third-Party,Firm,ACTIVE,2026-05-02,2026-05-02
NOM-00000513,FAC-009,2026-05-03,GAS,66705.624,Internal Forecast,Firm,ACTIVE,2026-05-03,2026-05-03
NOM-00000514,FAC-009,2026-05-04,GAS,62103.413,Operations,Gathering,ACTIVE,2026-05-04,2026-05-04
NOM-00000515,FAC-009,2026-05-05,GAS,56607.425,Affiliate,Gathering,ACTIVE,2026-05-05,2026-05-05
NOM-00000516,FAC-009,2026-05-06,GAS,62016.136,Commercial,Firm,ACTIVE,2026-05-06,2026-05-06
NOM-00000517,FAC-009,2026-05-07,GAS,69888.438,Internal Forecast,Gathering,REVISED,2026-05-07,2026-05-07
NOM-00000518,FAC-009,2026-05-08,PRODUCED_WATER,50056.008,Commercial,Water Services,ACTIVE,2026-05-08,2026-05-08
NOM-00000519,FAC-009,2026-05-09,PRODUCED_WATER,49985.113,Third-Party,Firm,ACTIVE,2026-05-09,2026-05-09
NOM-00000520,FAC-009,2026-05-10,PRODUCED_WATER,59747.316,Internal Forecast,Interruptible,ACTIVE,2026-05-10,2026-05-10
NOM-00000521,FAC-009,2026-05-11,GAS,61337.131,Commercial,Processing,ACTIVE,2026-05-11,2026-05-11
NOM-00000522,FAC-009,2026-05-12,GAS,63217.331,Operations,Water Services,ACTIVE,2026-05-12,2026-05-12
NOM-00000523,FAC-009,2026-05-13,PRODUCED_WATER,58805.322,Affiliate,Water Services,ACTIVE,2026-05-13,2026-05-13
NOM-00000524,FAC-009,2026-05-14,GAS,74513.195,Commercial,Interruptible,ACTIVE,2026-05-14,2026-05-14
NOM-00000525,FAC-009,2026-05-15,NGL,54751.346,Internal Forecast,Gathering,ACTIVE,2026-05-15,2026-05-15
NOM-00000526,FAC-009,2026-05-16,GAS,62167.115,Operations,Processing,ACTIVE,2026-05-16,2026-05-16
NOM-00000527,FAC-009,2026-05-17,GAS,54279.603,Commercial,Processing,ACTIVE,2026-05-17,2026-05-17
NOM-00000528,FAC-009,2026-05-18,GAS,64556.559,Operations,Interruptible,ACTIVE,2026-05-18,2026-05-18
NOM-00000529,FAC-009,2026-05-19,NGL,57793.68,Commercial,Processing,PENDING,2026-05-19,2026-05-19
NOM-00000530,FAC-009,2026-05-20,PRODUCED_WATER,61035.19,Commercial,Gathering,ACTIVE,2026-05-20,2026-05-20
NOM-00000531,FAC-009,2026-05-21,NGL,63268.553,Operations,Processing,ACTIVE,2026-05-21,2026-05-21
NOM-00000532,FAC-009,2026-05-22,PRODUCED_WATER,64686.128,Third-Party,Gathering,ACTIVE,2026-05-22,2026-05-22
NOM-00000533,FAC-009,2026-05-23,NGL,58234.677,Operations,Water Services,ACTIVE,2026-05-23,2026-05-23
NOM-00000534,FAC-009,2026-05-24,NGL,68472.043,Third-Party,Processing,ACTIVE,2026-05-24,2026-05-24
NOM-00000535,FAC-009,2026-05-25,NGL,56974.961,Operations,Water Services,ACTIVE,2026-05-25,2026-05-25
NOM-00000536,FAC-009,2026-05-26,CRUDE,54360.867,Internal Forecast,Gathering,ACTIVE,2026-05-26,2026-05-26
NOM-00000537,FAC-009,2026-05-27,GAS,55819.965,Commercial,Water Services,ACTIVE,2026-05-27,2026-05-27
NOM-00000538,FAC-009,2026-05-28,GAS,72276.947,Commercial,Firm,ACTIVE,2026-05-28,2026-05-28
NOM-00000539,FAC-009,2026-05-29,GAS,58718.282,Third-Party,Gathering,ACTIVE,2026-05-29,2026-05-29
NOM-00000540,FAC-009,2026-05-30,CRUDE,60207.212,Operations,Firm,ACTIVE,2026-05-30,2026-05-30
NOM-00000541,FAC-010,2026-04-01,GAS,82768.552,Third-Party,Interruptible,ACTIVE,2026-04-01,2026-04-01
NOM-00000542,FAC-010,2026-04-02,GAS,74290.237,Internal Forecast,Firm,ACTIVE,2026-04-02,2026-04-02
NOM-00000543,FAC-010,2026-04-03,NGL,76063.021,Internal Forecast,Processing,ACTIVE,2026-04-03,2026-04-03
NOM-00000544,FAC-010,2026-04-04,GAS,74784.507,Affiliate,Interruptible,ACTIVE,2026-04-04,2026-04-04
NOM-00000545,FAC-010,2026-04-05,PRODUCED_WATER,70359.676,Affiliate,Interruptible,ACTIVE,2026-04-05,2026-04-05
NOM-00000546,FAC-010,2026-04-06,GAS,61395.793,Internal Forecast,Firm,ACTIVE,2026-04-06,2026-04-06
NOM-00000547,FAC-010,2026-04-07,GAS,73430.036,Internal Forecast,Gathering,ACTIVE,2026-04-07,2026-04-07
NOM-00000548,FAC-010,2026-04-08,GAS,74886.389,Commercial,Firm,ACTIVE,2026-04-08,2026-04-08
NOM-00000549,FAC-010,2026-04-09,NGL,69681.693,Internal Forecast,Firm,ACTIVE,2026-04-09,2026-04-09
NOM-00000550,FAC-010,2026-04-10,CRUDE,72574.598,Commercial,Gathering,ACTIVE,2026-04-10,2026-04-10
NOM-00000551,FAC-010,2026-04-11,NGL,75718.958,Third-Party,Firm,ACTIVE,2026-04-11,2026-04-11
NOM-00000552,FAC-010,2026-04-12,GAS,77906.263,Commercial,Water Services,ACTIVE,2026-04-12,2026-04-12
NOM-00000553,FAC-010,2026-04-13,GAS,66629.274,Commercial,Interruptible,ACTIVE,2026-04-13,2026-04-13
NOM-00000554,FAC-010,2026-04-14,PRODUCED_WATER,75173.006,Commercial,Interruptible,ACTIVE,2026-04-14,2026-04-14
NOM-00000555,FAC-010,2026-04-15,GAS,73121.494,Third-Party,Firm,ACTIVE,2026-04-15,2026-04-15
NOM-00000556,FAC-010,2026-04-16,GAS,62220.031,Commercial,Processing,ACTIVE,2026-04-16,2026-04-16
NOM-00000557,FAC-010,2026-04-17,PRODUCED_WATER,82607.561,Internal Forecast,Water Services,ACTIVE,2026-04-17,2026-04-17
NOM-00000558,FAC-010,2026-04-18,NGL,72078.395,Affiliate,Gathering,ACTIVE,2026-04-18,2026-04-18
NOM-00000559,FAC-010,2026-04-19,GAS,80933.165,Internal Forecast,Firm,ACTIVE,2026-04-19,2026-04-19
NOM-00000560,FAC-010,2026-04-20,NGL,60122.154,Affiliate,Processing,ACTIVE,2026-04-20,2026-04-20
NOM-00000561,FAC-010,2026-04-21,GAS,67626.968,Internal Forecast,Firm,ACTIVE,2026-04-21,2026-04-21
NOM-00000562,FAC-010,2026-04-22,GAS,74777.29,Internal Forecast,Interruptible,ACTIVE,2026-04-22,2026-04-22
NOM-00000563,FAC-010,2026-04-23,GAS,93058.884,Third-Party,Firm,ACTIVE,2026-04-23,2026-04-23
NOM-00000564,FAC-010,2026-04-24,GAS,72018.281,Operations,Processing,ACTIVE,2026-04-24,2026-04-24
NOM-00000565,FAC-010,2026-04-25,CRUDE,69523.764,Operations,Firm,ACTIVE,2026-04-25,2026-04-25
NOM-00000566,FAC-010,2026-04-26,NGL,78265.908,Third-Party,Gathering,ACTIVE,2026-04-26,2026-04-26
NOM-00000567,FAC-010,2026-04-27,GAS,82778.699,Operations,Firm,ACTIVE,2026-04-27,2026-04-27
NOM-00000568,FAC-010,2026-04-28,GAS,73207.78,Internal Forecast,Gathering,PENDING,2026-04-28,2026-04-28
NOM-00000569,FAC-010,2026-04-29,GAS,77068.985,Internal Forecast,Firm,ACTIVE,2026-04-29,2026-04-29
NOM-00000570,FAC-010,2026-04-30,GAS,73433.075,Commercial,Interruptible,ACTIVE,2026-04-30,2026-04-30
NOM-00000571,FAC-010,2026-05-01,GAS,85984.59,Operations,Gathering,ACTIVE,2026-05-01,2026-05-01
NOM-00000572,FAC-010,2026-05-02,GAS,79190.617,Affiliate,Gathering,ACTIVE,2026-05-02,2026-05-02
NOM-00000573,FAC-010,2026-05-03,CRUDE,58149.042,Internal Forecast,Interruptible,ACTIVE,2026-05-03,2026-05-03
NOM-00000574,FAC-010,2026-05-04,GAS,66030.057,Third-Party,Gathering,ACTIVE,2026-05-04,2026-05-04
NOM-00000575,FAC-010,2026-05-05,PRODUCED_WATER,77700.189,Affiliate,Processing,ACTIVE,2026-05-05,2026-05-05
NOM-00000576,FAC-010,2026-05-06,GAS,93458.379,Operations,Firm,ACTIVE,2026-05-06,2026-05-06
NOM-00000577,FAC-010,2026-05-07,PRODUCED_WATER,69555.148,Operations,Interruptible,ACTIVE,2026-05-07,2026-05-07
NOM-00000578,FAC-010,2026-05-08,GAS,72472.71,Commercial,Firm,ACTIVE,2026-05-08,2026-05-08
NOM-00000579,FAC-010,2026-05-09,GAS,74110.575,Commercial,Water Services,ACTIVE,2026-05-09,2026-05-09
NOM-00000580,FAC-010,2026-05-10,PRODUCED_WATER,73560.594,Commercial,Processing,ACTIVE,2026-05-10,2026-05-10
NOM-00000581,FAC-010,2026-05-11,PRODUCED_WATER,72151.131,Affiliate,Processing,ACTIVE,2026-05-11,2026-05-11
NOM-00000582,FAC-010,2026-05-12,CRUDE,76406.535,Operations,Interruptible,REVISED,2026-05-12,2026-05-12
NOM-00000583,FAC-010,2026-05-13,GAS,63695.522,Affiliate,Water Services,ACTIVE,2026-05-13,2026-05-13
NOM-00000584,FAC-010,2026-05-14,GAS,73161.286,Commercial,Firm,ACTIVE,2026-05-14,2026-05-14
NOM-00000585,FAC-010,2026-05-15,GAS,78874.315,Internal Forecast,Processing,ACTIVE,2026-05-15,2026-05-15
NOM-00000586,FAC-010,2026-05-16,GAS,77713.168,Commercial,Processing,ACTIVE,2026-05-16,2026-05-16
NOM-00000587,FAC-010,2026-05-17,GAS,77173.91,Commercial,Water Services,ACTIVE,2026-05-17,2026-05-17
NOM-00000588,FAC-010,2026-05-18,GAS,68815.691,Affiliate,Gathering,ACTIVE,2026-05-18,2026-05-18
NOM-00000589,FAC-010,2026-05-19,CRUDE,73746.165,Operations,Gathering,ACTIVE,2026-05-19,2026-05-19
NOM-00000590,FAC-010,2026-05-20,GAS,80037.207,Commercial,Interruptible,PENDING,2026-05-20,2026-05-20
NOM-00000591,FAC-010,2026-05-21,PRODUCED_WATER,75757.705,Internal Forecast,Gathering,REVISED,2026-05-21,2026-05-21
NOM-00000592,FAC-010,2026-05-22,GAS,88146.529,Affiliate,Gathering,ACTIVE,2026-05-22,2026-05-22
NOM-00000593,FAC-010,2026-05-23,CRUDE,73304.911,Commercial,Gathering,ACTIVE,2026-05-23,2026-05-23
NOM-00000594,FAC-010,2026-05-24,PRODUCED_WATER,71552.071,Operations,Gathering,ACTIVE,2026-05-24,2026-05-24
NOM-00000595,FAC-010,2026-05-25,GAS,76224.804,Commercial,Interruptible,ACTIVE,2026-05-25,2026-05-25
NOM-00000596,FAC-010,2026-05-26,NGL,78193.079,Commercial,Interruptible,ACTIVE,2026-05-26,2026-05-26
NOM-00000597,FAC-010,2026-05-27,PRODUCED_WATER,67052.349,Operations,Firm,ACTIVE,2026-05-27,2026-05-27
NOM-00000598,FAC-010,2026-05-28,GAS,73438.076,Commercial,Firm,ACTIVE,2026-05-28,2026-05-28
NOM-00000599,FAC-010,2026-05-29,GAS,82524.072,Third-Party,Processing,REVISED,2026-05-29,2026-05-29
NOM-00000600,FAC-010,2026-05-30,PRODUCED_WATER,73144.95,Third-Party,Gathering,REVISED,2026-05-30,2026-05-30
NOM-00000601,FAC-011,2026-04-01,NGL,74620.807,Third-Party,Processing,ACTIVE,2026-04-01,2026-04-01
NOM-00000602,FAC-011,2026-04-02,GAS,85149.54,Internal Forecast,Water Services,ACTIVE,2026-04-02,2026-04-02
NOM-00000603,FAC-011,2026-04-03,NGL,76612.994,Operations,Interruptible,REVISED,2026-04-03,2026-04-03
NOM-00000604,FAC-011,2026-04-04,GAS,69319.086,Internal Forecast,Interruptible,ACTIVE,2026-04-04,2026-04-04
NOM-00000605,FAC-011,2026-04-05,NGL,73743.34,Commercial,Processing,ACTIVE,2026-04-05,2026-04-05
NOM-00000606,FAC-011,2026-04-06,GAS,71033.697,Internal Forecast,Processing,ACTIVE,2026-04-06,2026-04-06
NOM-00000607,FAC-011,2026-04-07,CRUDE,67031.254,Commercial,Interruptible,PENDING,2026-04-07,2026-04-07
NOM-00000608,FAC-011,2026-04-08,GAS,71021.687,Operations,Interruptible,ACTIVE,2026-04-08,2026-04-08
NOM-00000609,FAC-011,2026-04-09,PRODUCED_WATER,82240.411,Internal Forecast,Firm,ACTIVE,2026-04-09,2026-04-09
NOM-00000610,FAC-011,2026-04-10,NGL,70346.55,Commercial,Water Services,ACTIVE,2026-04-10,2026-04-10
NOM-00000611,FAC-011,2026-04-11,PRODUCED_WATER,78894.088,Commercial,Gathering,ACTIVE,2026-04-11,2026-04-11
NOM-00000612,FAC-011,2026-04-12,PRODUCED_WATER,86768.018,Affiliate,Firm,ACTIVE,2026-04-12,2026-04-12
NOM-00000613,FAC-011,2026-04-13,GAS,62147.901,Commercial,Processing,ACTIVE,2026-04-13,2026-04-13
NOM-00000614,FAC-011,2026-04-14,CRUDE,65214.994,Affiliate,Interruptible,ACTIVE,2026-04-14,2026-04-14
NOM-00000615,FAC-011,2026-04-15,NGL,83852.992,Commercial,Processing,ACTIVE,2026-04-15,2026-04-15
NOM-00000616,FAC-011,2026-04-16,GAS,89241.506,Third-Party,Interruptible,ACTIVE,2026-04-16,2026-04-16
NOM-00000617,FAC-011,2026-04-17,GAS,72682.188,Internal Forecast,Water Services,ACTIVE,2026-04-17,2026-04-17
NOM-00000618,FAC-011,2026-04-18,GAS,71332.327,Operations,Processing,ACTIVE,2026-04-18,2026-04-18
NOM-00000619,FAC-011,2026-04-19,GAS,80359.862,Commercial,Processing,ACTIVE,2026-04-19,2026-04-19
NOM-00000620,FAC-011,2026-04-20,GAS,80675.678,Affiliate,Processing,ACTIVE,2026-04-20,2026-04-20
NOM-00000621,FAC-011,2026-04-21,NGL,69091.732,Affiliate,Gathering,ACTIVE,2026-04-21,2026-04-21
NOM-00000622,FAC-011,2026-04-22,NGL,77853.953,Third-Party,Water Services,REVISED,2026-04-22,2026-04-22
NOM-00000623,FAC-011,2026-04-23,GAS,76863.832,Commercial,Firm,ACTIVE,2026-04-23,2026-04-23
NOM-00000624,FAC-011,2026-04-24,PRODUCED_WATER,76645.328,Commercial,Water Services,ACTIVE,2026-04-24,2026-04-24
NOM-00000625,FAC-011,2026-04-25,NGL,78352.506,Commercial,Interruptible,ACTIVE,2026-04-25,2026-04-25
NOM-00000626,FAC-011,2026-04-26,CRUDE,74681.201,Internal Forecast,Firm,ACTIVE,2026-04-26,2026-04-26
NOM-00000627,FAC-011,2026-04-27,PRODUCED_WATER,70128.41,Affiliate,Gathering,ACTIVE,2026-04-27,2026-04-27
NOM-00000628,FAC-011,2026-04-28,PRODUCED_WATER,66231.359,Operations,Processing,ACTIVE,2026-04-28,2026-04-28
NOM-00000629,FAC-011,2026-04-29,GAS,72770.952,Commercial,Water Services,ACTIVE,2026-04-29,2026-04-29
NOM-00000630,FAC-011,2026-04-30,GAS,71610.948,Affiliate,Gathering,ACTIVE,2026-04-30,2026-04-30
NOM-00000631,FAC-011,2026-05-01,GAS,83127.094,Third-Party,Gathering,ACTIVE,2026-05-01,2026-05-01
NOM-00000632,FAC-011,2026-05-02,GAS,83076.48,Operations,Water Services,PENDING,2026-05-02,2026-05-02
NOM-00000633,FAC-011,2026-05-03,GAS,68026.73,Affiliate,Firm,ACTIVE,2026-05-03,2026-05-03
NOM-00000634,FAC-011,2026-05-04,GAS,82599.583,Operations,Processing,ACTIVE,2026-05-04,2026-05-04
NOM-00000635,FAC-011,2026-05-05,NGL,79841.62,Third-Party,Interruptible,ACTIVE,2026-05-05,2026-05-05
NOM-00000636,FAC-011,2026-05-06,PRODUCED_WATER,84278.05,Third-Party,Processing,ACTIVE,2026-05-06,2026-05-06
NOM-00000637,FAC-011,2026-05-07,CRUDE,85410.049,Operations,Processing,ACTIVE,2026-05-07,2026-05-07
NOM-00000638,FAC-011,2026-05-08,CRUDE,67825.923,Commercial,Processing,ACTIVE,2026-05-08,2026-05-08
NOM-00000639,FAC-011,2026-05-09,PRODUCED_WATER,73403.075,Commercial,Water Services,REVISED,2026-05-09,2026-05-09
NOM-00000640,FAC-011,2026-05-10,GAS,85575.917,Internal Forecast,Interruptible,ACTIVE,2026-05-10,2026-05-10
NOM-00000641,FAC-011,2026-05-11,GAS,63790.81,Operations,Water Services,ACTIVE,2026-05-11,2026-05-11
NOM-00000642,FAC-011,2026-05-12,GAS,69870.741,Internal Forecast,Processing,ACTIVE,2026-05-12,2026-05-12
NOM-00000643,FAC-011,2026-05-13,PRODUCED_WATER,77216.404,Operations,Firm,ACTIVE,2026-05-13,2026-05-13
NOM-00000644,FAC-011,2026-05-14,NGL,69752.868,Operations,Water Services,ACTIVE,2026-05-14,2026-05-14
NOM-00000645,FAC-011,2026-05-15,GAS,76383.104,Commercial,Gathering,REVISED,2026-05-15,2026-05-15
NOM-00000646,FAC-011,2026-05-16,CRUDE,87865.187,Third-Party,Gathering,ACTIVE,2026-05-16,2026-05-16
NOM-00000647,FAC-011,2026-05-17,PRODUCED_WATER,60003.022,Commercial,Water Services,ACTIVE,2026-05-17,2026-05-17
NOM-00000648,FAC-011,2026-05-18,CRUDE,68026.754,Operations,Gathering,ACTIVE,2026-05-18,2026-05-18
NOM-00000649,FAC-011,2026-05-19,GAS,69395.097,Internal Forecast,Water Services,ACTIVE,2026-05-19,2026-05-19
NOM-00000650,FAC-011,2026-05-20,GAS,74336.106,Internal Forecast,Water Services,ACTIVE,2026-05-20,2026-05-20
NOM-00000651,FAC-011,2026-05-21,GAS,77757.554,Operations,Processing,ACTIVE,2026-05-21,2026-05-21
NOM-00000652,FAC-011,2026-05-22,PRODUCED_WATER,62829.853,Operations,Firm,ACTIVE,2026-05-22,2026-05-22
NOM-00000653,FAC-011,2026-05-23,PRODUCED_WATER,77451.349,Operations,Gathering,ACTIVE,2026-05-23,2026-05-23
NOM-00000654,FAC-011,2026-05-24,GAS,61903.039,Third-Party,Gathering,REVISED,2026-05-24,2026-05-24
NOM-00000655,FAC-011,2026-05-25,PRODUCED_WATER,68406.13,Affiliate,Processing,ACTIVE,2026-05-25,2026-05-25
NOM-00000656,FAC-011,2026-05-26,GAS,76992.194,Operations,Interruptible,ACTIVE,2026-05-26,2026-05-26
NOM-00000657,FAC-011,2026-05-27,GAS,79722.078,Affiliate,Interruptible,ACTIVE,2026-05-27,2026-05-27
NOM-00000658,FAC-011,2026-05-28,GAS,72634.269,Internal Forecast,Interruptible,ACTIVE,2026-05-28,2026-05-28
NOM-00000659,FAC-011,2026-05-29,PRODUCED_WATER,68638.096,Internal Forecast,Firm,ACTIVE,2026-05-29,2026-05-29
NOM-00000660,FAC-011,2026-05-30,PRODUCED_WATER,69596.782,Affiliate,Interruptible,ACTIVE,2026-05-30,2026-05-30
NOM-00000661,FAC-012,2026-04-01,GAS,68159.115,Internal Forecast,Interruptible,ACTIVE,2026-04-01,2026-04-01
NOM-00000662,FAC-012,2026-04-02,GAS,66915.082,Commercial,Interruptible,ACTIVE,2026-04-02,2026-04-02
NOM-00000663,FAC-012,2026-04-03,GAS,67719.717,Internal Forecast,Water Services,ACTIVE,2026-04-03,2026-04-03
NOM-00000664,FAC-012,2026-04-04,GAS,60663.942,Third-Party,Firm,ACTIVE,2026-04-04,2026-04-04
NOM-00000665,FAC-012,2026-04-05,GAS,63151.379,Commercial,Interruptible,ACTIVE,2026-04-05,2026-04-05
NOM-00000666,FAC-012,2026-04-06,GAS,71157.912,Commercial,Water Services,REVISED,2026-04-06,2026-04-06
NOM-00000667,FAC-012,2026-04-07,PRODUCED_WATER,62369.327,Commercial,Gathering,ACTIVE,2026-04-07,2026-04-07
NOM-00000668,FAC-012,2026-04-08,NGL,62330.694,Commercial,Interruptible,ACTIVE,2026-04-08,2026-04-08
NOM-00000669,FAC-012,2026-04-09,GAS,69460.262,Affiliate,Interruptible,REVISED,2026-04-09,2026-04-09
NOM-00000670,FAC-012,2026-04-10,GAS,76871.602,Affiliate,Interruptible,ACTIVE,2026-04-10,2026-04-10
NOM-00000671,FAC-012,2026-04-11,PRODUCED_WATER,68198.119,Operations,Water Services,ACTIVE,2026-04-11,2026-04-11
NOM-00000672,FAC-012,2026-04-12,PRODUCED_WATER,64917.699,Commercial,Firm,ACTIVE,2026-04-12,2026-04-12
NOM-00000673,FAC-012,2026-04-13,GAS,69019.734,Commercial,Water Services,ACTIVE,2026-04-13,2026-04-13
NOM-00000674,FAC-012,2026-04-14,GAS,72680.465,Affiliate,Interruptible,ACTIVE,2026-04-14,2026-04-14
NOM-00000675,FAC-012,2026-04-15,GAS,60293.863,Third-Party,Interruptible,PENDING,2026-04-15,2026-04-15
NOM-00000676,FAC-012,2026-04-16,CRUDE,64790.39,Affiliate,Gathering,ACTIVE,2026-04-16,2026-04-16
NOM-00000677,FAC-012,2026-04-17,PRODUCED_WATER,74339.878,Third-Party,Processing,ACTIVE,2026-04-17,2026-04-17
NOM-00000678,FAC-012,2026-04-18,PRODUCED_WATER,72233.518,Operations,Water Services,ACTIVE,2026-04-18,2026-04-18
NOM-00000679,FAC-012,2026-04-19,GAS,70229.674,Third-Party,Interruptible,ACTIVE,2026-04-19,2026-04-19
NOM-00000680,FAC-012,2026-04-20,GAS,62365.038,Affiliate,Interruptible,ACTIVE,2026-04-20,2026-04-20
NOM-00000681,FAC-012,2026-04-21,NGL,59776.421,Operations,Firm,ACTIVE,2026-04-21,2026-04-21
NOM-00000682,FAC-012,2026-04-22,GAS,66663.906,Operations,Firm,ACTIVE,2026-04-22,2026-04-22
NOM-00000683,FAC-012,2026-04-23,GAS,74729.099,Third-Party,Gathering,ACTIVE,2026-04-23,2026-04-23
NOM-00000684,FAC-012,2026-04-24,PRODUCED_WATER,84865.62,Operations,Firm,ACTIVE,2026-04-24,2026-04-24
NOM-00000685,FAC-012,2026-04-25,NGL,77098.433,Affiliate,Gathering,ACTIVE,2026-04-25,2026-04-25
NOM-00000686,FAC-012,2026-04-26,NGL,67443.153,Internal Forecast,Interruptible,ACTIVE,2026-04-26,2026-04-26
NOM-00000687,FAC-012,2026-04-27,PRODUCED_WATER,74926.661,Affiliate,Interruptible,ACTIVE,2026-04-27,2026-04-27
NOM-00000688,FAC-012,2026-04-28,CRUDE,69000.944,Operations,Interruptible,ACTIVE,2026-04-28,2026-04-28
NOM-00000689,FAC-012,2026-04-29,NGL,65667.669,Commercial,Water Services,ACTIVE,2026-04-29,2026-04-29
NOM-00000690,FAC-012,2026-04-30,NGL,71370.621,Third-Party,Gathering,ACTIVE,2026-04-30,2026-04-30
NOM-00000691,FAC-012,2026-05-01,GAS,68185.004,Affiliate,Gathering,ACTIVE,2026-05-01,2026-05-01
NOM-00000692,FAC-012,2026-05-02,GAS,62067.842,Affiliate,Interruptible,ACTIVE,2026-05-02,2026-05-02
NOM-00000693,FAC-012,2026-05-03,NGL,65552.108,Operations,Water Services,ACTIVE,2026-05-03,2026-05-03
NOM-00000694,FAC-012,2026-05-04,CRUDE,64219.868,Commercial,Gathering,REVISED,2026-05-04,2026-05-04
NOM-00000695,FAC-012,2026-05-05,PRODUCED_WATER,61179.314,Internal Forecast,Processing,REVISED,2026-05-05,2026-05-05
NOM-00000696,FAC-012,2026-05-06,GAS,68269.137,Affiliate,Firm,ACTIVE,2026-05-06,2026-05-06
NOM-00000697,FAC-012,2026-05-07,GAS,56759.77,Third-Party,Firm,ACTIVE,2026-05-07,2026-05-07
NOM-00000698,FAC-012,2026-05-08,GAS,68050.475,Internal Forecast,Interruptible,ACTIVE,2026-05-08,2026-05-08
NOM-00000699,FAC-012,2026-05-09,CRUDE,66899.255,Commercial,Gathering,ACTIVE,2026-05-09,2026-05-09
NOM-00000700,FAC-012,2026-05-10,GAS,71021.24,Commercial,Firm,ACTIVE,2026-05-10,2026-05-10
NOM-00000701,FAC-012,2026-05-11,GAS,58823.533,Third-Party,Gathering,ACTIVE,2026-05-11,2026-05-11
NOM-00000702,FAC-012,2026-05-12,GAS,57031.646,Affiliate,Firm,ACTIVE,2026-05-12,2026-05-12
NOM-00000703,FAC-012,2026-05-13,GAS,66320.079,Third-Party,Water Services,ACTIVE,2026-05-13,2026-05-13
NOM-00000704,FAC-012,2026-05-14,PRODUCED_WATER,66625.604,Operations,Water Services,ACTIVE,2026-05-14,2026-05-14
NOM-00000705,FAC-012,2026-05-15,NGL,71044.389,Third-Party,Processing,ACTIVE,2026-05-15,2026-05-15
NOM-00000706,FAC-012,2026-05-16,GAS,65251.083,Internal Forecast,Water Services,ACTIVE,2026-05-16,2026-05-16
NOM-00000707,FAC-012,2026-05-17,GAS,75361.48,Internal Forecast,Processing,ACTIVE,2026-05-17,2026-05-17
NOM-00000708,FAC-012,2026-05-18,GAS,59534.964,Commercial,Water Services,ACTIVE,2026-05-18,2026-05-18
NOM-00000709,FAC-012,2026-05-19,PRODUCED_WATER,74119.098,Third-Party,Interruptible,ACTIVE,2026-05-19,2026-05-19
NOM-00000710,FAC-012,2026-05-20,GAS,76927.741,Third-Party,Water Services,ACTIVE,2026-05-20,2026-05-20
NOM-00000711,FAC-012,2026-05-21,NGL,62183.185,Affiliate,Processing,ACTIVE,2026-05-21,2026-05-21
NOM-00000712,FAC-012,2026-05-22,CRUDE,70822.931,Third-Party,Interruptible,ACTIVE,2026-05-22,2026-05-22
NOM-00000713,FAC-012,2026-05-23,CRUDE,73489.699,Commercial,Interruptible,REVISED,2026-05-23,2026-05-23
NOM-00000714,FAC-012,2026-05-24,CRUDE,64856.383,Internal Forecast,Firm,ACTIVE,2026-05-24,2026-05-24
NOM-00000715,FAC-012,2026-05-25,PRODUCED_WATER,65359.867,Operations,Processing,ACTIVE,2026-05-25,2026-05-25
NOM-00000716,FAC-012,2026-05-26,CRUDE,62760.496,Affiliate,Gathering,ACTIVE,2026-05-26,2026-05-26
NOM-00000717,FAC-012,2026-05-27,GAS,70776.859,Internal Forecast,Gathering,ACTIVE,2026-05-27,2026-05-27
NOM-00000718,FAC-012,2026-05-28,GAS,73345.696,Operations,Interruptible,ACTIVE,2026-05-28,2026-05-28
NOM-00000719,FAC-012,2026-05-29,GAS,72880.379,Commercial,Firm,ACTIVE,2026-05-29,2026-05-29
NOM-00000720,FAC-012,2026-05-30,GAS,69735.325,Commercial,Firm,ACTIVE,2026-05-30,2026-05-30
NOM-00000721,FAC-013,2026-04-01,PRODUCED_WATER,81545.754,Affiliate,Water Services,REVISED,2026-04-01,2026-04-01
NOM-00000722,FAC-013,2026-04-02,GAS,68937.986,Third-Party,Firm,ACTIVE,2026-04-02,2026-04-02
NOM-00000723,FAC-013,2026-04-03,CRUDE,66843.36,Commercial,Gathering,ACTIVE,2026-04-03,2026-04-03
NOM-00000724,FAC-013,2026-04-04,GAS,70731.673,Third-Party,Interruptible,REVISED,2026-04-04,2026-04-04
NOM-00000725,FAC-013,2026-04-05,GAS,70855.163,Affiliate,Gathering,ACTIVE,2026-04-05,2026-04-05
NOM-00000726,FAC-013,2026-04-06,GAS,77664.21,Commercial,Processing,ACTIVE,2026-04-06,2026-04-06
NOM-00000727,FAC-013,2026-04-07,GAS,65050.109,Third-Party,Water Services,ACTIVE,2026-04-07,2026-04-07
NOM-00000728,FAC-013,2026-04-08,GAS,78695.076,Commercial,Interruptible,ACTIVE,2026-04-08,2026-04-08
NOM-00000729,FAC-013,2026-04-09,GAS,68394.865,Commercial,Interruptible,ACTIVE,2026-04-09,2026-04-09
NOM-00000730,FAC-013,2026-04-10,NGL,78692.603,Affiliate,Processing,ACTIVE,2026-04-10,2026-04-10
NOM-00000731,FAC-013,2026-04-11,GAS,62144.888,Operations,Interruptible,ACTIVE,2026-04-11,2026-04-11
NOM-00000732,FAC-013,2026-04-12,NGL,65591.387,Affiliate,Processing,ACTIVE,2026-04-12,2026-04-12
NOM-00000733,FAC-013,2026-04-13,GAS,64018.976,Commercial,Firm,ACTIVE,2026-04-13,2026-04-13
NOM-00000734,FAC-013,2026-04-14,GAS,67844.901,Operations,Interruptible,ACTIVE,2026-04-14,2026-04-14
NOM-00000735,FAC-013,2026-04-15,PRODUCED_WATER,78134.96,Operations,Gathering,REVISED,2026-04-15,2026-04-15
NOM-00000736,FAC-013,2026-04-16,NGL,69580.497,Operations,Firm,ACTIVE,2026-04-16,2026-04-16
NOM-00000737,FAC-013,2026-04-17,PRODUCED_WATER,82026.266,Third-Party,Water Services,ACTIVE,2026-04-17,2026-04-17
NOM-00000738,FAC-013,2026-04-18,NGL,72875.634,Commercial,Water Services,ACTIVE,2026-04-18,2026-04-18
NOM-00000739,FAC-013,2026-04-19,NGL,75083.383,Commercial,Gathering,ACTIVE,2026-04-19,2026-04-19
NOM-00000740,FAC-013,2026-04-20,GAS,63098.41,Third-Party,Processing,ACTIVE,2026-04-20,2026-04-20
NOM-00000741,FAC-013,2026-04-21,GAS,63225.6,Third-Party,Gathering,ACTIVE,2026-04-21,2026-04-21
NOM-00000742,FAC-013,2026-04-22,GAS,56801.305,Internal Forecast,Interruptible,ACTIVE,2026-04-22,2026-04-22
NOM-00000743,FAC-013,2026-04-23,GAS,72986.732,Operations,Interruptible,ACTIVE,2026-04-23,2026-04-23
NOM-00000744,FAC-013,2026-04-24,GAS,66457.66,Operations,Water Services,ACTIVE,2026-04-24,2026-04-24
NOM-00000745,FAC-013,2026-04-25,GAS,65748.113,Commercial,Water Services,ACTIVE,2026-04-25,2026-04-25
NOM-00000746,FAC-013,2026-04-26,GAS,69312.316,Commercial,Interruptible,REVISED,2026-04-26,2026-04-26
NOM-00000747,FAC-013,2026-04-27,GAS,62585.939,Internal Forecast,Firm,ACTIVE,2026-04-27,2026-04-27
NOM-00000748,FAC-013,2026-04-28,GAS,59146.442,Affiliate,Processing,REVISED,2026-04-28,2026-04-28
NOM-00000749,FAC-013,2026-04-29,NGL,75126.283,Operations,Water Services,ACTIVE,2026-04-29,2026-04-29
NOM-00000750,FAC-013,2026-04-30,GAS,64429.174,Operations,Firm,ACTIVE,2026-04-30,2026-04-30
NOM-00000751,FAC-013,2026-05-01,GAS,77008.407,Third-Party,Processing,ACTIVE,2026-05-01,2026-05-01
NOM-00000752,FAC-013,2026-05-02,CRUDE,64680.452,Affiliate,Processing,ACTIVE,2026-05-02,2026-05-02
NOM-00000753,FAC-013,2026-05-03,GAS,79465.862,Commercial,Processing,ACTIVE,2026-05-03,2026-05-03
NOM-00000754,FAC-013,2026-05-04,PRODUCED_WATER,68601.876,Operations,Firm,ACTIVE,2026-05-04,2026-05-04
NOM-00000755,FAC-013,2026-05-05,CRUDE,68451.465,Affiliate,Interruptible,ACTIVE,2026-05-05,2026-05-05
NOM-00000756,FAC-013,2026-05-06,GAS,70703.598,Third-Party,Processing,ACTIVE,2026-05-06,2026-05-06
NOM-00000757,FAC-013,2026-05-07,GAS,76253.057,Affiliate,Interruptible,ACTIVE,2026-05-07,2026-05-07
NOM-00000758,FAC-013,2026-05-08,GAS,66468.813,Operations,Water Services,ACTIVE,2026-05-08,2026-05-08
NOM-00000759,FAC-013,2026-05-09,PRODUCED_WATER,72558.771,Commercial,Processing,ACTIVE,2026-05-09,2026-05-09
NOM-00000760,FAC-013,2026-05-10,GAS,65425.971,Commercial,Interruptible,PENDING,2026-05-10,2026-05-10
NOM-00000761,FAC-013,2026-05-11,PRODUCED_WATER,68271.643,Affiliate,Firm,ACTIVE,2026-05-11,2026-05-11
NOM-00000762,FAC-013,2026-05-12,CRUDE,71194.254,Internal Forecast,Firm,ACTIVE,2026-05-12,2026-05-12
NOM-00000763,FAC-013,2026-05-13,PRODUCED_WATER,73992.605,Third-Party,Firm,ACTIVE,2026-05-13,2026-05-13
NOM-00000764,FAC-013,2026-05-14,GAS,65926.476,Affiliate,Water Services,ACTIVE,2026-05-14,2026-05-14
NOM-00000765,FAC-013,2026-05-15,GAS,65967.301,Internal Forecast,Processing,ACTIVE,2026-05-15,2026-05-15
NOM-00000766,FAC-013,2026-05-16,GAS,77737.444,Operations,Firm,ACTIVE,2026-05-16,2026-05-16
NOM-00000767,FAC-013,2026-05-17,NGL,71226.994,Commercial,Processing,ACTIVE,2026-05-17,2026-05-17
NOM-00000768,FAC-013,2026-05-18,GAS,63433.712,Third-Party,Water Services,ACTIVE,2026-05-18,2026-05-18
NOM-00000769,FAC-013,2026-05-19,GAS,63575.66,Internal Forecast,Interruptible,REVISED,2026-05-19,2026-05-19
NOM-00000770,FAC-013,2026-05-20,GAS,69984.954,Third-Party,Processing,ACTIVE,2026-05-20,2026-05-20
NOM-00000771,FAC-013,2026-05-21,PRODUCED_WATER,83657.008,Affiliate,Firm,ACTIVE,2026-05-21,2026-05-21
NOM-00000772,FAC-013,2026-05-22,GAS,61036.121,Operations,Firm,ACTIVE,2026-05-22,2026-05-22
NOM-00000773,FAC-013,2026-05-23,GAS,64002.784,Operations,Gathering,ACTIVE,2026-05-23,2026-05-23
NOM-00000774,FAC-013,2026-05-24,NGL,73751.937,Internal Forecast,Gathering,ACTIVE,2026-05-24,2026-05-24
NOM-00000775,FAC-013,2026-05-25,NGL,68766.387,Affiliate,Water Services,ACTIVE,2026-05-25,2026-05-25
NOM-00000776,FAC-013,2026-05-26,GAS,69913.064,Operations,Interruptible,ACTIVE,2026-05-26,2026-05-26
NOM-00000777,FAC-013,2026-05-27,NGL,68208.488,Third-Party,Water Services,ACTIVE,2026-05-27,2026-05-27
NOM-00000778,FAC-013,2026-05-28,NGL,56730.844,Commercial,Water Services,ACTIVE,2026-05-28,2026-05-28
NOM-00000779,FAC-013,2026-05-29,GAS,84245.194,Commercial,Processing,REVISED,2026-05-29,2026-05-29
NOM-00000780,FAC-013,2026-05-30,CRUDE,64505.563,Affiliate,Processing,ACTIVE,2026-05-30,2026-05-30
NOM-00000781,FAC-014,2026-04-01,GAS,91027.379,Commercial,Gathering,ACTIVE,2026-04-01,2026-04-01
NOM-00000782,FAC-014,2026-04-02,GAS,72943.457,Operations,Water Services,ACTIVE,2026-04-02,2026-04-02
NOM-00000783,FAC-014,2026-04-03,NGL,74220.402,Commercial,Interruptible,ACTIVE,2026-04-03,2026-04-03
NOM-00000784,FAC-014,2026-04-04,PRODUCED_WATER,78680.467,Operations,Firm,ACTIVE,2026-04-04,2026-04-04
NOM-00000785,FAC-014,2026-04-05,CRUDE,71665.121,Operations,Interruptible,ACTIVE,2026-04-05,2026-04-05
NOM-00000786,FAC-014,2026-04-06,GAS,69749.439,Third-Party,Water Services,ACTIVE,2026-04-06,2026-04-06
NOM-00000787,FAC-014,2026-04-07,CRUDE,76753.107,Internal Forecast,Firm,ACTIVE,2026-04-07,2026-04-07
NOM-00000788,FAC-014,2026-04-08,PRODUCED_WATER,90756.981,Commercial,Firm,ACTIVE,2026-04-08,2026-04-08
NOM-00000789,FAC-014,2026-04-09,GAS,73132.052,Internal Forecast,Water Services,ACTIVE,2026-04-09,2026-04-09
NOM-00000790,FAC-014,2026-04-10,CRUDE,79441.603,Affiliate,Processing,ACTIVE,2026-04-10,2026-04-10
NOM-00000791,FAC-014,2026-04-11,GAS,74497.818,Operations,Processing,ACTIVE,2026-04-11,2026-04-11
NOM-00000792,FAC-014,2026-04-12,CRUDE,76029.403,Commercial,Processing,ACTIVE,2026-04-12,2026-04-12
NOM-00000793,FAC-014,2026-04-13,GAS,79660.766,Operations,Gathering,ACTIVE,2026-04-13,2026-04-13
NOM-00000794,FAC-014,2026-04-14,NGL,71356.187,Affiliate,Interruptible,ACTIVE,2026-04-14,2026-04-14
NOM-00000795,FAC-014,2026-04-15,GAS,71846.714,Internal Forecast,Interruptible,ACTIVE,2026-04-15,2026-04-15
NOM-00000796,FAC-014,2026-04-16,NGL,78990.918,Internal Forecast,Water Services,ACTIVE,2026-04-16,2026-04-16
NOM-00000797,FAC-014,2026-04-17,PRODUCED_WATER,72857.296,Third-Party,Interruptible,PENDING,2026-04-17,2026-04-17
NOM-00000798,FAC-014,2026-04-18,NGL,71011.433,Operations,Gathering,ACTIVE,2026-04-18,2026-04-18
NOM-00000799,FAC-014,2026-04-19,GAS,84066.425,Internal Forecast,Interruptible,ACTIVE,2026-04-19,2026-04-19
NOM-00000800,FAC-014,2026-04-20,GAS,81379.048,Operations,Processing,ACTIVE,2026-04-20,2026-04-20
NOM-00000801,FAC-014,2026-04-21,CRUDE,81310.783,Internal Forecast,Water Services,ACTIVE,2026-04-21,2026-04-21
NOM-00000802,FAC-014,2026-04-22,PRODUCED_WATER,77807.67,Commercial,Interruptible,ACTIVE,2026-04-22,2026-04-22
NOM-00000803,FAC-014,2026-04-23,PRODUCED_WATER,87951.215,Third-Party,Interruptible,ACTIVE,2026-04-23,2026-04-23
NOM-00000804,FAC-014,2026-04-24,CRUDE,74818.279,Internal Forecast,Processing,ACTIVE,2026-04-24,2026-04-24
NOM-00000805,FAC-014,2026-04-25,CRUDE,85305.971,Third-Party,Interruptible,ACTIVE,2026-04-25,2026-04-25
NOM-00000806,FAC-014,2026-04-26,CRUDE,72868.125,Third-Party,Firm,REVISED,2026-04-26,2026-04-26
NOM-00000807,FAC-014,2026-04-27,GAS,78143.023,Affiliate,Water Services,ACTIVE,2026-04-27,2026-04-27
NOM-00000808,FAC-014,2026-04-28,GAS,79865.191,Internal Forecast,Gathering,ACTIVE,2026-04-28,2026-04-28
NOM-00000809,FAC-014,2026-04-29,GAS,91327.645,Affiliate,Water Services,ACTIVE,2026-04-29,2026-04-29
NOM-00000810,FAC-014,2026-04-30,CRUDE,91874.249,Internal Forecast,Firm,ACTIVE,2026-04-30,2026-04-30
NOM-00000811,FAC-014,2026-05-01,NGL,76816.464,Affiliate,Firm,ACTIVE,2026-05-01,2026-05-01
NOM-00000812,FAC-014,2026-05-02,CRUDE,81529.548,Commercial,Firm,ACTIVE,2026-05-02,2026-05-02
NOM-00000813,FAC-014,2026-05-03,NGL,72419.364,Third-Party,Gathering,ACTIVE,2026-05-03,2026-05-03
NOM-00000814,FAC-014,2026-05-04,PRODUCED_WATER,77516.387,Third-Party,Firm,ACTIVE,2026-05-04,2026-05-04
NOM-00000815,FAC-014,2026-05-05,GAS,85282.819,Operations,Interruptible,ACTIVE,2026-05-05,2026-05-05
NOM-00000816,FAC-014,2026-05-06,PRODUCED_WATER,71072.213,Third-Party,Firm,ACTIVE,2026-05-06,2026-05-06
NOM-00000817,FAC-014,2026-05-07,GAS,77232.793,Internal Forecast,Processing,ACTIVE,2026-05-07,2026-05-07
NOM-00000818,FAC-014,2026-05-08,CRUDE,88520.288,Commercial,Interruptible,ACTIVE,2026-05-08,2026-05-08
NOM-00000819,FAC-014,2026-05-09,CRUDE,68325.773,Third-Party,Processing,ACTIVE,2026-05-09,2026-05-09
NOM-00000820,FAC-014,2026-05-10,GAS,66399.818,Commercial,Processing,ACTIVE,2026-05-10,2026-05-10
NOM-00000821,FAC-014,2026-05-11,GAS,77949.364,Internal Forecast,Gathering,ACTIVE,2026-05-11,2026-05-11
NOM-00000822,FAC-014,2026-05-12,PRODUCED_WATER,81355.753,Commercial,Processing,ACTIVE,2026-05-12,2026-05-12
NOM-00000823,FAC-014,2026-05-13,GAS,90447.162,Operations,Processing,ACTIVE,2026-05-13,2026-05-13
NOM-00000824,FAC-014,2026-05-14,GAS,91837.548,Operations,Water Services,ACTIVE,2026-05-14,2026-05-14
NOM-00000825,FAC-014,2026-05-15,GAS,77330.44,Commercial,Gathering,ACTIVE,2026-05-15,2026-05-15
NOM-00000826,FAC-014,2026-05-16,CRUDE,73167.918,Affiliate,Gathering,ACTIVE,2026-05-16,2026-05-16
NOM-00000827,FAC-014,2026-05-17,CRUDE,74870.46,Affiliate,Interruptible,ACTIVE,2026-05-17,2026-05-17
NOM-00000828,FAC-014,2026-05-18,PRODUCED_WATER,65462.916,Internal Forecast,Gathering,ACTIVE,2026-05-18,2026-05-18
NOM-00000829,FAC-014,2026-05-19,GAS,75713.58,Commercial,Processing,ACTIVE,2026-05-19,2026-05-19
NOM-00000830,FAC-014,2026-05-20,CRUDE,72304.561,Internal Forecast,Firm,ACTIVE,2026-05-20,2026-05-20
NOM-00000831,FAC-014,2026-05-21,GAS,63095.036,Third-Party,Gathering,ACTIVE,2026-05-21,2026-05-21
NOM-00000832,FAC-014,2026-05-22,GAS,79832.242,Third-Party,Processing,ACTIVE,2026-05-22,2026-05-22
NOM-00000833,FAC-014,2026-05-23,GAS,83188.127,Operations,Interruptible,ACTIVE,2026-05-23,2026-05-23
NOM-00000834,FAC-014,2026-05-24,GAS,77376.806,Affiliate,Gathering,ACTIVE,2026-05-24,2026-05-24
NOM-00000835,FAC-014,2026-05-25,GAS,72140.566,Third-Party,Water Services,ACTIVE,2026-05-25,2026-05-25
NOM-00000836,FAC-014,2026-05-26,GAS,76762.226,Third-Party,Gathering,ACTIVE,2026-05-26,2026-05-26
NOM-00000837,FAC-014,2026-05-27,GAS,81700.782,Affiliate,Processing,ACTIVE,2026-05-27,2026-05-27
NOM-00000838,FAC-014,2026-05-28,PRODUCED_WATER,78679.693,Third-Party,Interruptible,ACTIVE,2026-05-28,2026-05-28
NOM-00000839,FAC-014,2026-05-29,GAS,75076.869,Operations,Water Services,ACTIVE,2026-05-29,2026-05-29
NOM-00000840,FAC-014,2026-05-30,GAS,84493.287,Commercial,Processing,ACTIVE,2026-05-30,2026-05-30
NOM-00000841,FAC-015,2026-04-01,GAS,71250.845,Third-Party,Interruptible,ACTIVE,2026-04-01,2026-04-01
NOM-00000842,FAC-015,2026-04-02,CRUDE,75059.758,Affiliate,Gathering,ACTIVE,2026-04-02,2026-04-02
NOM-00000843,FAC-015,2026-04-03,GAS,75001.156,Commercial,Water Services,REVISED,2026-04-03,2026-04-03
NOM-00000844,FAC-015,2026-04-04,GAS,69321.551,Affiliate,Gathering,ACTIVE,2026-04-04,2026-04-04
NOM-00000845,FAC-015,2026-04-05,PRODUCED_WATER,75492.743,Commercial,Firm,ACTIVE,2026-04-05,2026-04-05
NOM-00000846,FAC-015,2026-04-06,PRODUCED_WATER,80424.481,Operations,Interruptible,ACTIVE,2026-04-06,2026-04-06
NOM-00000847,FAC-015,2026-04-07,GAS,76376.471,Affiliate,Water Services,ACTIVE,2026-04-07,2026-04-07
NOM-00000848,FAC-015,2026-04-08,PRODUCED_WATER,78040.119,Internal Forecast,Processing,ACTIVE,2026-04-08,2026-04-08
NOM-00000849,FAC-015,2026-04-09,GAS,76879.582,Third-Party,Processing,ACTIVE,2026-04-09,2026-04-09
NOM-00000850,FAC-015,2026-04-10,GAS,81838.89,Commercial,Processing,REVISED,2026-04-10,2026-04-10
NOM-00000851,FAC-015,2026-04-11,CRUDE,74767.422,Commercial,Interruptible,ACTIVE,2026-04-11,2026-04-11
NOM-00000852,FAC-015,2026-04-12,GAS,71595.499,Affiliate,Water Services,ACTIVE,2026-04-12,2026-04-12
NOM-00000853,FAC-015,2026-04-13,CRUDE,74120.582,Commercial,Gathering,ACTIVE,2026-04-13,2026-04-13
NOM-00000854,FAC-015,2026-04-14,GAS,66278.227,Third-Party,Interruptible,PENDING,2026-04-14,2026-04-14
NOM-00000855,FAC-015,2026-04-15,NGL,74201.582,Internal Forecast,Processing,ACTIVE,2026-04-15,2026-04-15
NOM-00000856,FAC-015,2026-04-16,PRODUCED_WATER,68414.508,Third-Party,Processing,ACTIVE,2026-04-16,2026-04-16
NOM-00000857,FAC-015,2026-04-17,GAS,75037.725,Operations,Interruptible,ACTIVE,2026-04-17,2026-04-17
NOM-00000858,FAC-015,2026-04-18,NGL,75380.442,Third-Party,Water Services,ACTIVE,2026-04-18,2026-04-18
NOM-00000859,FAC-015,2026-04-19,GAS,72059.735,Third-Party,Interruptible,ACTIVE,2026-04-19,2026-04-19
NOM-00000860,FAC-015,2026-04-20,NGL,75403.799,Internal Forecast,Firm,ACTIVE,2026-04-20,2026-04-20
NOM-00000861,FAC-015,2026-04-21,GAS,67158.643,Third-Party,Gathering,ACTIVE,2026-04-21,2026-04-21
NOM-00000862,FAC-015,2026-04-22,GAS,77498.003,Third-Party,Firm,ACTIVE,2026-04-22,2026-04-22
NOM-00000863,FAC-015,2026-04-23,GAS,65844.495,Third-Party,Gathering,ACTIVE,2026-04-23,2026-04-23
NOM-00000864,FAC-015,2026-04-24,NGL,72110.965,Internal Forecast,Gathering,ACTIVE,2026-04-24,2026-04-24
NOM-00000865,FAC-015,2026-04-25,GAS,70197.963,Operations,Gathering,ACTIVE,2026-04-25,2026-04-25
NOM-00000866,FAC-015,2026-04-26,NGL,69796.951,Commercial,Interruptible,ACTIVE,2026-04-26,2026-04-26
NOM-00000867,FAC-015,2026-04-27,GAS,68057.231,Internal Forecast,Water Services,ACTIVE,2026-04-27,2026-04-27
NOM-00000868,FAC-015,2026-04-28,GAS,67311.783,Affiliate,Processing,ACTIVE,2026-04-28,2026-04-28
NOM-00000869,FAC-015,2026-04-29,PRODUCED_WATER,67928.145,Internal Forecast,Interruptible,ACTIVE,2026-04-29,2026-04-29
NOM-00000870,FAC-015,2026-04-30,GAS,63859.643,Commercial,Water Services,ACTIVE,2026-04-30,2026-04-30
NOM-00000871,FAC-015,2026-05-01,CRUDE,74362.747,Internal Forecast,Water Services,ACTIVE,2026-05-01,2026-05-01
NOM-00000872,FAC-015,2026-05-02,GAS,74809.921,Operations,Interruptible,ACTIVE,2026-05-02,2026-05-02
NOM-00000873,FAC-015,2026-05-03,GAS,67171.743,Operations,Water Services,ACTIVE,2026-05-03,2026-05-03
NOM-00000874,FAC-015,2026-05-04,GAS,67184.171,Internal Forecast,Gathering,ACTIVE,2026-05-04,2026-05-04
NOM-00000875,FAC-015,2026-05-05,PRODUCED_WATER,68246.677,Commercial,Water Services,ACTIVE,2026-05-05,2026-05-05
NOM-00000876,FAC-015,2026-05-06,GAS,76061.738,Operations,Water Services,ACTIVE,2026-05-06,2026-05-06
NOM-00000877,FAC-015,2026-05-07,GAS,84345.645,Third-Party,Interruptible,ACTIVE,2026-05-07,2026-05-07
NOM-00000878,FAC-015,2026-05-08,PRODUCED_WATER,74594.522,Third-Party,Interruptible,ACTIVE,2026-05-08,2026-05-08
NOM-00000879,FAC-015,2026-05-09,GAS,76929.016,Internal Forecast,Firm,ACTIVE,2026-05-09,2026-05-09
NOM-00000880,FAC-015,2026-05-10,GAS,69091.613,Internal Forecast,Water Services,ACTIVE,2026-05-10,2026-05-10
NOM-00000881,FAC-015,2026-05-11,CRUDE,69638.609,Internal Forecast,Processing,ACTIVE,2026-05-11,2026-05-11
NOM-00000882,FAC-015,2026-05-12,GAS,75937.489,Affiliate,Interruptible,PENDING,2026-05-12,2026-05-12
NOM-00000883,FAC-015,2026-05-13,GAS,71522.896,Internal Forecast,Processing,ACTIVE,2026-05-13,2026-05-13
NOM-00000884,FAC-015,2026-05-14,GAS,75402.109,Operations,Gathering,REVISED,2026-05-14,2026-05-14
NOM-00000885,FAC-015,2026-05-15,GAS,80793.353,Third-Party,Gathering,ACTIVE,2026-05-15,2026-05-15
NOM-00000886,FAC-015,2026-05-16,NGL,64142.545,Affiliate,Interruptible,ACTIVE,2026-05-16,2026-05-16
NOM-00000887,FAC-015,2026-05-17,GAS,60659.251,Operations,Processing,ACTIVE,2026-05-17,2026-05-17
NOM-00000888,FAC-015,2026-05-18,NGL,69880.361,Internal Forecast,Firm,ACTIVE,2026-05-18,2026-05-18
NOM-00000889,FAC-015,2026-05-19,PRODUCED_WATER,68432.999,Internal Forecast,Gathering,ACTIVE,2026-05-19,2026-05-19
NOM-00000890,FAC-015,2026-05-20,GAS,63954.932,Third-Party,Processing,ACTIVE,2026-05-20,2026-05-20
NOM-00000891,FAC-015,2026-05-21,GAS,74222.139,Commercial,Gathering,ACTIVE,2026-05-21,2026-05-21
NOM-00000892,FAC-015,2026-05-22,GAS,80901.43,Commercial,Gathering,ACTIVE,2026-05-22,2026-05-22
NOM-00000893,FAC-015,2026-05-23,PRODUCED_WATER,64811.868,Affiliate,Gathering,ACTIVE,2026-05-23,2026-05-23
NOM-00000894,FAC-015,2026-05-24,GAS,71282.144,Operations,Interruptible,ACTIVE,2026-05-24,2026-05-24
NOM-00000895,FAC-015,2026-05-25,GAS,76713.892,Internal Forecast,Gathering,ACTIVE,2026-05-25,2026-05-25
NOM-00000896,FAC-015,2026-05-26,GAS,77107.422,Affiliate,Water Services,ACTIVE,2026-05-26,2026-05-26
NOM-00000897,FAC-015,2026-05-27,GAS,64545.482,Affiliate,Firm,ACTIVE,2026-05-27,2026-05-27
NOM-00000898,FAC-015,2026-05-28,PRODUCED_WATER,76512.099,Commercial,Gathering,ACTIVE,2026-05-28,2026-05-28
NOM-00000899,FAC-015,2026-05-29,CRUDE,69810.077,Third-Party,Gathering,ACTIVE,2026-05-29,2026-05-29
NOM-00000900,FAC-015,2026-05-30,GAS,72450.608,Commercial,Gathering,ACTIVE,2026-05-30,2026-05-30
NOM-00000901,FAC-016,2026-04-01,PRODUCED_WATER,75014.537,Affiliate,Water Services,ACTIVE,2026-04-01,2026-04-01
NOM-00000902,FAC-016,2026-04-02,NGL,61465.155,Third-Party,Gathering,ACTIVE,2026-04-02,2026-04-02
NOM-00000903,FAC-016,2026-04-03,GAS,70042.075,Affiliate,Interruptible,ACTIVE,2026-04-03,2026-04-03
NOM-00000904,FAC-016,2026-04-04,PRODUCED_WATER,78770.691,Internal Forecast,Processing,ACTIVE,2026-04-04,2026-04-04
NOM-00000905,FAC-016,2026-04-05,GAS,74286.006,Operations,Firm,ACTIVE,2026-04-05,2026-04-05
NOM-00000906,FAC-016,2026-04-06,CRUDE,62269.505,Operations,Gathering,ACTIVE,2026-04-06,2026-04-06
NOM-00000907,FAC-016,2026-04-07,NGL,64046.938,Affiliate,Firm,ACTIVE,2026-04-07,2026-04-07
NOM-00000908,FAC-016,2026-04-08,GAS,67831.248,Affiliate,Interruptible,REVISED,2026-04-08,2026-04-08
NOM-00000909,FAC-016,2026-04-09,GAS,80017.375,Internal Forecast,Processing,ACTIVE,2026-04-09,2026-04-09
NOM-00000910,FAC-016,2026-04-10,CRUDE,71622.104,Internal Forecast,Firm,ACTIVE,2026-04-10,2026-04-10
NOM-00000911,FAC-016,2026-04-11,NGL,80241.548,Operations,Interruptible,ACTIVE,2026-04-11,2026-04-11
NOM-00000912,FAC-016,2026-04-12,NGL,63532.899,Affiliate,Interruptible,ACTIVE,2026-04-12,2026-04-12
NOM-00000913,FAC-016,2026-04-13,NGL,72847.815,Commercial,Gathering,ACTIVE,2026-04-13,2026-04-13
NOM-00000914,FAC-016,2026-04-14,GAS,70769.805,Commercial,Water Services,ACTIVE,2026-04-14,2026-04-14
NOM-00000915,FAC-016,2026-04-15,NGL,61697.35,Operations,Gathering,ACTIVE,2026-04-15,2026-04-15
NOM-00000916,FAC-016,2026-04-16,PRODUCED_WATER,78288.225,Internal Forecast,Interruptible,ACTIVE,2026-04-16,2026-04-16
NOM-00000917,FAC-016,2026-04-17,NGL,81816.127,Internal Forecast,Interruptible,ACTIVE,2026-04-17,2026-04-17
NOM-00000918,FAC-016,2026-04-18,GAS,72661.901,Internal Forecast,Processing,ACTIVE,2026-04-18,2026-04-18
NOM-00000919,FAC-016,2026-04-19,GAS,69643.276,Internal Forecast,Firm,PENDING,2026-04-19,2026-04-19
NOM-00000920,FAC-016,2026-04-20,PRODUCED_WATER,73131.667,Affiliate,Gathering,ACTIVE,2026-04-20,2026-04-20
NOM-00000921,FAC-016,2026-04-21,NGL,72081.217,Internal Forecast,Water Services,ACTIVE,2026-04-21,2026-04-21
NOM-00000922,FAC-016,2026-04-22,GAS,67596.531,Internal Forecast,Interruptible,ACTIVE,2026-04-22,2026-04-22
NOM-00000923,FAC-016,2026-04-23,GAS,81926.844,Internal Forecast,Interruptible,ACTIVE,2026-04-23,2026-04-23
NOM-00000924,FAC-016,2026-04-24,CRUDE,75493.562,Internal Forecast,Water Services,ACTIVE,2026-04-24,2026-04-24
NOM-00000925,FAC-016,2026-04-25,NGL,68404.583,Third-Party,Gathering,ACTIVE,2026-04-25,2026-04-25
NOM-00000926,FAC-016,2026-04-26,PRODUCED_WATER,72671.087,Commercial,Interruptible,REVISED,2026-04-26,2026-04-26
NOM-00000927,FAC-016,2026-04-27,GAS,77146.794,Internal Forecast,Gathering,ACTIVE,2026-04-27,2026-04-27
NOM-00000928,FAC-016,2026-04-28,GAS,70841.893,Internal Forecast,Gathering,ACTIVE,2026-04-28,2026-04-28
NOM-00000929,FAC-016,2026-04-29,PRODUCED_WATER,71251.847,Operations,Processing,ACTIVE,2026-04-29,2026-04-29
NOM-00000930,FAC-016,2026-04-30,PRODUCED_WATER,72582.558,Affiliate,Water Services,ACTIVE,2026-04-30,2026-04-30
NOM-00000931,FAC-016,2026-05-01,GAS,78324.897,Commercial,Water Services,ACTIVE,2026-05-01,2026-05-01
NOM-00000932,FAC-016,2026-05-02,NGL,67884.365,Internal Forecast,Water Services,ACTIVE,2026-05-02,2026-05-02
NOM-00000933,FAC-016,2026-05-03,NGL,73660.568,Commercial,Firm,ACTIVE,2026-05-03,2026-05-03
NOM-00000934,FAC-016,2026-05-04,GAS,61775.586,Operations,Water Services,ACTIVE,2026-05-04,2026-05-04
NOM-00000935,FAC-016,2026-05-05,GAS,63663.976,Affiliate,Water Services,ACTIVE,2026-05-05,2026-05-05
NOM-00000936,FAC-016,2026-05-06,CRUDE,63809.582,Operations,Processing,ACTIVE,2026-05-06,2026-05-06
NOM-00000937,FAC-016,2026-05-07,NGL,63149.171,Internal Forecast,Interruptible,ACTIVE,2026-05-07,2026-05-07
NOM-00000938,FAC-016,2026-05-08,GAS,78112.838,Commercial,Gathering,ACTIVE,2026-05-08,2026-05-08
NOM-00000939,FAC-016,2026-05-09,PRODUCED_WATER,70353.189,Operations,Water Services,ACTIVE,2026-05-09,2026-05-09
NOM-00000940,FAC-016,2026-05-10,GAS,67480.573,Third-Party,Interruptible,ACTIVE,2026-05-10,2026-05-10
NOM-00000941,FAC-016,2026-05-11,PRODUCED_WATER,66932.092,Commercial,Interruptible,ACTIVE,2026-05-11,2026-05-11
NOM-00000942,FAC-016,2026-05-12,GAS,77201.645,Affiliate,Water Services,ACTIVE,2026-05-12,2026-05-12
NOM-00000943,FAC-016,2026-05-13,NGL,62575.341,Third-Party,Gathering,ACTIVE,2026-05-13,2026-05-13
NOM-00000944,FAC-016,2026-05-14,CRUDE,78343.013,Operations,Processing,ACTIVE,2026-05-14,2026-05-14
NOM-00000945,FAC-016,2026-05-15,GAS,61127.336,Operations,Processing,ACTIVE,2026-05-15,2026-05-15
NOM-00000946,FAC-016,2026-05-16,GAS,74322.947,Third-Party,Interruptible,ACTIVE,2026-05-16,2026-05-16
NOM-00000947,FAC-016,2026-05-17,PRODUCED_WATER,69268.745,Internal Forecast,Water Services,ACTIVE,2026-05-17,2026-05-17
NOM-00000948,FAC-016,2026-05-18,GAS,72368.56,Affiliate,Water Services,ACTIVE,2026-05-18,2026-05-18
NOM-00000949,FAC-016,2026-05-19,NGL,73243.024,Internal Forecast,Water Services,ACTIVE,2026-05-19,2026-05-19
NOM-00000950,FAC-016,2026-05-20,CRUDE,69488.977,Internal Forecast,Processing,ACTIVE,2026-05-20,2026-05-20
NOM-00000951,FAC-016,2026-05-21,NGL,77953.607,Internal Forecast,Firm,ACTIVE,2026-05-21,2026-05-21
NOM-00000952,FAC-016,2026-05-22,GAS,73581.513,Internal Forecast,Interruptible,ACTIVE,2026-05-22,2026-05-22
NOM-00000953,FAC-016,2026-05-23,NGL,69390.806,Commercial,Processing,ACTIVE,2026-05-23,2026-05-23
NOM-00000954,FAC-016,2026-05-24,GAS,59130.704,Internal Forecast,Water Services,ACTIVE,2026-05-24,2026-05-24
NOM-00000955,FAC-016,2026-05-25,GAS,63538.711,Internal Forecast,Firm,ACTIVE,2026-05-25,2026-05-25
NOM-00000956,FAC-016,2026-05-26,NGL,78782.598,Commercial,Processing,ACTIVE,2026-05-26,2026-05-26
NOM-00000957,FAC-016,2026-05-27,PRODUCED_WATER,67669.454,Third-Party,Firm,ACTIVE,2026-05-27,2026-05-27
NOM-00000958,FAC-016,2026-05-28,PRODUCED_WATER,66797.896,Internal Forecast,Gathering,ACTIVE,2026-05-28,2026-05-28
NOM-00000959,FAC-016,2026-05-29,GAS,64554.56,Third-Party,Water Services,ACTIVE,2026-05-29,2026-05-29
NOM-00000960,FAC-016,2026-05-30,GAS,85601.681,Internal Forecast,Water Services,ACTIVE,2026-05-30,2026-05-30
NOM-00000961,FAC-017,2026-04-01,PRODUCED_WATER,45349.182,Commercial,Water Services,ACTIVE,2026-04-01,2026-04-01
NOM-00000962,FAC-017,2026-04-02,GAS,39536.849,Third-Party,Firm,ACTIVE,2026-04-02,2026-04-02
NOM-00000963,FAC-017,2026-04-03,CRUDE,41407.032,Third-Party,Processing,ACTIVE,2026-04-03,2026-04-03
NOM-00000964,FAC-017,2026-04-04,GAS,41711.889,Operations,Interruptible,ACTIVE,2026-04-04,2026-04-04
NOM-00000965,FAC-017,2026-04-05,GAS,39439.451,Operations,Gathering,ACTIVE,2026-04-05,2026-04-05
NOM-00000966,FAC-017,2026-04-06,GAS,33423.966,Affiliate,Processing,ACTIVE,2026-04-06,2026-04-06
NOM-00000967,FAC-017,2026-04-07,GAS,39389.189,Internal Forecast,Interruptible,ACTIVE,2026-04-07,2026-04-07
NOM-00000968,FAC-017,2026-04-08,NGL,41309.653,Commercial,Water Services,ACTIVE,2026-04-08,2026-04-08
NOM-00000969,FAC-017,2026-04-09,PRODUCED_WATER,38895.847,Commercial,Interruptible,ACTIVE,2026-04-09,2026-04-09
NOM-00000970,FAC-017,2026-04-10,GAS,41940.147,Commercial,Firm,ACTIVE,2026-04-10,2026-04-10
NOM-00000971,FAC-017,2026-04-11,PRODUCED_WATER,44466.56,Operations,Processing,ACTIVE,2026-04-11,2026-04-11
NOM-00000972,FAC-017,2026-04-12,GAS,37347.77,Affiliate,Water Services,ACTIVE,2026-04-12,2026-04-12
NOM-00000973,FAC-017,2026-04-13,GAS,42819.522,Internal Forecast,Water Services,ACTIVE,2026-04-13,2026-04-13
NOM-00000974,FAC-017,2026-04-14,PRODUCED_WATER,35935.772,Affiliate,Water Services,ACTIVE,2026-04-14,2026-04-14
NOM-00000975,FAC-017,2026-04-15,NGL,42842.363,Affiliate,Interruptible,ACTIVE,2026-04-15,2026-04-15
NOM-00000976,FAC-017,2026-04-16,GAS,40713.251,Third-Party,Processing,ACTIVE,2026-04-16,2026-04-16
NOM-00000977,FAC-017,2026-04-17,GAS,39621.1,Third-Party,Interruptible,ACTIVE,2026-04-17,2026-04-17
NOM-00000978,FAC-017,2026-04-18,GAS,37907.297,Third-Party,Gathering,ACTIVE,2026-04-18,2026-04-18
NOM-00000979,FAC-017,2026-04-19,GAS,41941.287,Third-Party,Water Services,ACTIVE,2026-04-19,2026-04-19
NOM-00000980,FAC-017,2026-04-20,PRODUCED_WATER,41525.678,Affiliate,Interruptible,REVISED,2026-04-20,2026-04-20
NOM-00000981,FAC-017,2026-04-21,CRUDE,38159.881,Affiliate,Processing,ACTIVE,2026-04-21,2026-04-21
NOM-00000982,FAC-017,2026-04-22,PRODUCED_WATER,42852.622,Commercial,Firm,ACTIVE,2026-04-22,2026-04-22
NOM-00000983,FAC-017,2026-04-23,GAS,46985.368,Operations,Processing,ACTIVE,2026-04-23,2026-04-23
NOM-00000984,FAC-017,2026-04-24,GAS,45573.883,Commercial,Water Services,ACTIVE,2026-04-24,2026-04-24
NOM-00000985,FAC-017,2026-04-25,GAS,36930.317,Internal Forecast,Water Services,ACTIVE,2026-04-25,2026-04-25
NOM-00000986,FAC-017,2026-04-26,GAS,37588.376,Third-Party,Interruptible,ACTIVE,2026-04-26,2026-04-26
NOM-00000987,FAC-017,2026-04-27,CRUDE,35860.3,Third-Party,Processing,ACTIVE,2026-04-27,2026-04-27
NOM-00000988,FAC-017,2026-04-28,GAS,40969.817,Third-Party,Interruptible,ACTIVE,2026-04-28,2026-04-28
NOM-00000989,FAC-017,2026-04-29,NGL,42865.558,Operations,Firm,ACTIVE,2026-04-29,2026-04-29
NOM-00000990,FAC-017,2026-04-30,GAS,38233.38,Third-Party,Gathering,ACTIVE,2026-04-30,2026-04-30
NOM-00000991,FAC-017,2026-05-01,CRUDE,44394.745,Affiliate,Water Services,ACTIVE,2026-05-01,2026-05-01
NOM-00000992,FAC-017,2026-05-02,GAS,41649.319,Internal Forecast,Water Services,REVISED,2026-05-02,2026-05-02
NOM-00000993,FAC-017,2026-05-03,GAS,43632.59,Operations,Firm,ACTIVE,2026-05-03,2026-05-03
NOM-00000994,FAC-017,2026-05-04,GAS,37313.07,Internal Forecast,Interruptible,ACTIVE,2026-05-04,2026-05-04
NOM-00000995,FAC-017,2026-05-05,GAS,42217.799,Internal Forecast,Water Services,ACTIVE,2026-05-05,2026-05-05
NOM-00000996,FAC-017,2026-05-06,CRUDE,42046.735,Operations,Processing,ACTIVE,2026-05-06,2026-05-06
NOM-00000997,FAC-017,2026-05-07,GAS,38270.077,Internal Forecast,Interruptible,ACTIVE,2026-05-07,2026-05-07
NOM-00000998,FAC-017,2026-05-08,CRUDE,38058.394,Third-Party,Firm,ACTIVE,2026-05-08,2026-05-08
NOM-00000999,FAC-017,2026-05-09,GAS,36146.579,Commercial,Water Services,ACTIVE,2026-05-09,2026-05-09
NOM-00001000,FAC-017,2026-05-10,GAS,33328.601,Affiliate,Firm,ACTIVE,2026-05-10,2026-05-10
NOM-00001001,FAC-017,2026-05-11,PRODUCED_WATER,38560.054,Operations,Water Services,ACTIVE,2026-05-11,2026-05-11
NOM-00001002,FAC-017,2026-05-12,GAS,31922.07,Internal Forecast,Water Services,ACTIVE,2026-05-12,2026-05-12
NOM-00001003,FAC-017,2026-05-13,GAS,39679.629,Operations,Interruptible,ACTIVE,2026-05-13,2026-05-13
NOM-00001004,FAC-017,2026-05-14,NGL,40512.68,Commercial,Water Services,ACTIVE,2026-05-14,2026-05-14
NOM-00001005,FAC-017,2026-05-15,GAS,39786.397,Operations,Gathering,ACTIVE,2026-05-15,2026-05-15
NOM-00001006,FAC-017,2026-05-16,GAS,42762.197,Operations,Interruptible,ACTIVE,2026-05-16,2026-05-16
NOM-00001007,FAC-017,2026-05-17,GAS,40653.84,Third-Party,Water Services,ACTIVE,2026-05-17,2026-05-17
NOM-00001008,FAC-017,2026-05-18,NGL,38287.293,Affiliate,Firm,ACTIVE,2026-05-18,2026-05-18
NOM-00001009,FAC-017,2026-05-19,GAS,42103.67,Third-Party,Processing,ACTIVE,2026-05-19,2026-05-19
NOM-00001010,FAC-017,2026-05-20,GAS,38590.75,Commercial,Processing,ACTIVE,2026-05-20,2026-05-20
NOM-00001011,FAC-017,2026-05-21,GAS,41323.937,Affiliate,Water Services,ACTIVE,2026-05-21,2026-05-21
NOM-00001012,FAC-017,2026-05-22,GAS,42140.551,Affiliate,Processing,REVISED,2026-05-22,2026-05-22
NOM-00001013,FAC-017,2026-05-23,NGL,39443.919,Commercial,Gathering,ACTIVE,2026-05-23,2026-05-23
NOM-00001014,FAC-017,2026-05-24,GAS,38805.303,Commercial,Gathering,ACTIVE,2026-05-24,2026-05-24
NOM-00001015,FAC-017,2026-05-25,GAS,37696.232,Internal Forecast,Water Services,PENDING,2026-05-25,2026-05-25
NOM-00001016,FAC-017,2026-05-26,NGL,36697.15,Third-Party,Processing,ACTIVE,2026-05-26,2026-05-26
NOM-00001017,FAC-017,2026-05-27,PRODUCED_WATER,39857.289,Third-Party,Processing,ACTIVE,2026-05-27,2026-05-27
NOM-00001018,FAC-017,2026-05-28,GAS,41442.627,Commercial,Interruptible,ACTIVE,2026-05-28,2026-05-28
NOM-00001019,FAC-017,2026-05-29,GAS,36175.806,Commercial,Processing,ACTIVE,2026-05-29,2026-05-29
NOM-00001020,FAC-017,2026-05-30,GAS,41055.744,Affiliate,Firm,ACTIVE,2026-05-30,2026-05-30
NOM-00001021,FAC-018,2026-04-01,PRODUCED_WATER,65137.244,Operations,Gathering,ACTIVE,2026-04-01,2026-04-01
NOM-00001022,FAC-018,2026-04-02,GAS,62523.541,Affiliate,Processing,ACTIVE,2026-04-02,2026-04-02
NOM-00001023,FAC-018,2026-04-03,CRUDE,73186.182,Operations,Gathering,ACTIVE,2026-04-03,2026-04-03
NOM-00001024,FAC-018,2026-04-04,NGL,72379.323,Third-Party,Water Services,ACTIVE,2026-04-04,2026-04-04
NOM-00001025,FAC-018,2026-04-05,NGL,60078.047,Affiliate,Firm,ACTIVE,2026-04-05,2026-04-05
NOM-00001026,FAC-018,2026-04-06,GAS,55063.942,Operations,Water Services,ACTIVE,2026-04-06,2026-04-06
NOM-00001027,FAC-018,2026-04-07,GAS,62139.132,Third-Party,Processing,ACTIVE,2026-04-07,2026-04-07
NOM-00001028,FAC-018,2026-04-08,NGL,69326.315,Third-Party,Interruptible,ACTIVE,2026-04-08,2026-04-08
NOM-00001029,FAC-018,2026-04-09,GAS,73972.114,Affiliate,Firm,ACTIVE,2026-04-09,2026-04-09
NOM-00001030,FAC-018,2026-04-10,NGL,70364.57,Internal Forecast,Gathering,ACTIVE,2026-04-10,2026-04-10
NOM-00001031,FAC-018,2026-04-11,GAS,60561.221,Operations,Water Services,ACTIVE,2026-04-11,2026-04-11
NOM-00001032,FAC-018,2026-04-12,GAS,66036.484,Third-Party,Gathering,ACTIVE,2026-04-12,2026-04-12
NOM-00001033,FAC-018,2026-04-13,PRODUCED_WATER,65163.547,Internal Forecast,Firm,ACTIVE,2026-04-13,2026-04-13
NOM-00001034,FAC-018,2026-04-14,GAS,71410.261,Commercial,Firm,ACTIVE,2026-04-14,2026-04-14
NOM-00001035,FAC-018,2026-04-15,PRODUCED_WATER,72622.052,Operations,Processing,ACTIVE,2026-04-15,2026-04-15
NOM-00001036,FAC-018,2026-04-16,PRODUCED_WATER,70219.606,Internal Forecast,Interruptible,ACTIVE,2026-04-16,2026-04-16
NOM-00001037,FAC-018,2026-04-17,PRODUCED_WATER,63403.244,Commercial,Interruptible,ACTIVE,2026-04-17,2026-04-17
NOM-00001038,FAC-018,2026-04-18,GAS,57102.132,Third-Party,Water Services,ACTIVE,2026-04-18,2026-04-18
NOM-00001039,FAC-018,2026-04-19,PRODUCED_WATER,69392.776,Commercial,Firm,ACTIVE,2026-04-19,2026-04-19
NOM-00001040,FAC-018,2026-04-20,GAS,61904.29,Commercial,Processing,ACTIVE,2026-04-20,2026-04-20
NOM-00001041,FAC-018,2026-04-21,GAS,61357.523,Third-Party,Gathering,ACTIVE,2026-04-21,2026-04-21
NOM-00001042,FAC-018,2026-04-22,PRODUCED_WATER,66908.665,Internal Forecast,Water Services,ACTIVE,2026-04-22,2026-04-22
NOM-00001043,FAC-018,2026-04-23,CRUDE,65969.23,Commercial,Processing,ACTIVE,2026-04-23,2026-04-23
NOM-00001044,FAC-018,2026-04-24,GAS,67641.648,Operations,Water Services,ACTIVE,2026-04-24,2026-04-24
NOM-00001045,FAC-018,2026-04-25,PRODUCED_WATER,73025.022,Commercial,Water Services,ACTIVE,2026-04-25,2026-04-25
NOM-00001046,FAC-018,2026-04-26,NGL,63199.492,Operations,Water Services,ACTIVE,2026-04-26,2026-04-26
NOM-00001047,FAC-018,2026-04-27,PRODUCED_WATER,64243.511,Operations,Water Services,ACTIVE,2026-04-27,2026-04-27
NOM-00001048,FAC-018,2026-04-28,GAS,69092.729,Internal Forecast,Firm,ACTIVE,2026-04-28,2026-04-28
NOM-00001049,FAC-018,2026-04-29,GAS,70919.736,Internal Forecast,Processing,ACTIVE,2026-04-29,2026-04-29
NOM-00001050,FAC-018,2026-04-30,GAS,63424.172,Affiliate,Firm,ACTIVE,2026-04-30,2026-04-30
NOM-00001051,FAC-018,2026-05-01,NGL,69409.361,Commercial,Processing,ACTIVE,2026-05-01,2026-05-01
NOM-00001052,FAC-018,2026-05-02,GAS,63424.851,Commercial,Firm,ACTIVE,2026-05-02,2026-05-02
NOM-00001053,FAC-018,2026-05-03,GAS,69829.542,Third-Party,Interruptible,ACTIVE,2026-05-03,2026-05-03
NOM-00001054,FAC-018,2026-05-04,GAS,61798.206,Commercial,Processing,ACTIVE,2026-05-04,2026-05-04
NOM-00001055,FAC-018,2026-05-05,GAS,61997.291,Affiliate,Firm,ACTIVE,2026-05-05,2026-05-05
NOM-00001056,FAC-018,2026-05-06,PRODUCED_WATER,73925.423,Commercial,Interruptible,REVISED,2026-05-06,2026-05-06
NOM-00001057,FAC-018,2026-05-07,PRODUCED_WATER,68768.97,Operations,Interruptible,ACTIVE,2026-05-07,2026-05-07
NOM-00001058,FAC-018,2026-05-08,GAS,71046.158,Commercial,Interruptible,ACTIVE,2026-05-08,2026-05-08
NOM-00001059,FAC-018,2026-05-09,GAS,65913.655,Third-Party,Water Services,ACTIVE,2026-05-09,2026-05-09
NOM-00001060,FAC-018,2026-05-10,GAS,66626.966,Third-Party,Water Services,ACTIVE,2026-05-10,2026-05-10
NOM-00001061,FAC-018,2026-05-11,GAS,63807.65,Third-Party,Processing,ACTIVE,2026-05-11,2026-05-11
NOM-00001062,FAC-018,2026-05-12,GAS,56106.917,Third-Party,Water Services,ACTIVE,2026-05-12,2026-05-12
NOM-00001063,FAC-018,2026-05-13,CRUDE,62556.113,Commercial,Interruptible,REVISED,2026-05-13,2026-05-13
NOM-00001064,FAC-018,2026-05-14,GAS,54066.63,Internal Forecast,Firm,ACTIVE,2026-05-14,2026-05-14
NOM-00001065,FAC-018,2026-05-15,PRODUCED_WATER,43410.782,Operations,Firm,ACTIVE,2026-05-15,2026-05-15
NOM-00001066,FAC-018,2026-05-16,PRODUCED_WATER,75217.024,Internal Forecast,Interruptible,ACTIVE,2026-05-16,2026-05-16
NOM-00001067,FAC-018,2026-05-17,GAS,58878.297,Affiliate,Water Services,ACTIVE,2026-05-17,2026-05-17
NOM-00001068,FAC-018,2026-05-18,GAS,80669.214,Affiliate,Gathering,ACTIVE,2026-05-18,2026-05-18
NOM-00001069,FAC-018,2026-05-19,NGL,64317.479,Internal Forecast,Gathering,REVISED,2026-05-19,2026-05-19
NOM-00001070,FAC-018,2026-05-20,GAS,66094.991,Operations,Processing,ACTIVE,2026-05-20,2026-05-20
NOM-00001071,FAC-018,2026-05-21,GAS,73352.834,Third-Party,Gathering,ACTIVE,2026-05-21,2026-05-21
NOM-00001072,FAC-018,2026-05-22,GAS,74172.862,Operations,Water Services,ACTIVE,2026-05-22,2026-05-22
NOM-00001073,FAC-018,2026-05-23,GAS,73286.458,Affiliate,Firm,ACTIVE,2026-05-23,2026-05-23
NOM-00001074,FAC-018,2026-05-24,NGL,67039.411,Commercial,Firm,ACTIVE,2026-05-24,2026-05-24
NOM-00001075,FAC-018,2026-05-25,GAS,72225.219,Third-Party,Gathering,ACTIVE,2026-05-25,2026-05-25
NOM-00001076,FAC-018,2026-05-26,PRODUCED_WATER,66799.255,Third-Party,Firm,ACTIVE,2026-05-26,2026-05-26
NOM-00001077,FAC-018,2026-05-27,GAS,73894.869,Commercial,Interruptible,ACTIVE,2026-05-27,2026-05-27
NOM-00001078,FAC-018,2026-05-28,GAS,73311.193,Third-Party,Interruptible,ACTIVE,2026-05-28,2026-05-28
NOM-00001079,FAC-018,2026-05-29,GAS,67087.711,Third-Party,Firm,ACTIVE,2026-05-29,2026-05-29
NOM-00001080,FAC-018,2026-05-30,PRODUCED_WATER,69587.209,Internal Forecast,Water Services,ACTIVE,2026-05-30,2026-05-30
NOM-00001081,FAC-019,2026-04-01,GAS,51004.684,Commercial,Water Services,ACTIVE,2026-04-01,2026-04-01
NOM-00001082,FAC-019,2026-04-02,GAS,58157.11,Affiliate,Gathering,ACTIVE,2026-04-02,2026-04-02
NOM-00001083,FAC-019,2026-04-03,GAS,54199.494,Commercial,Interruptible,ACTIVE,2026-04-03,2026-04-03
NOM-00001084,FAC-019,2026-04-04,PRODUCED_WATER,56705.986,Third-Party,Firm,PENDING,2026-04-04,2026-04-04
NOM-00001085,FAC-019,2026-04-05,GAS,56831.066,Internal Forecast,Water Services,ACTIVE,2026-04-05,2026-04-05
NOM-00001086,FAC-019,2026-04-06,CRUDE,53697.432,Internal Forecast,Water Services,REVISED,2026-04-06,2026-04-06
NOM-00001087,FAC-019,2026-04-07,NGL,53622.558,Operations,Firm,ACTIVE,2026-04-07,2026-04-07
NOM-00001088,FAC-019,2026-04-08,PRODUCED_WATER,56615.638,Operations,Processing,ACTIVE,2026-04-08,2026-04-08
NOM-00001089,FAC-019,2026-04-09,GAS,51980.317,Affiliate,Gathering,ACTIVE,2026-04-09,2026-04-09
NOM-00001090,FAC-019,2026-04-10,GAS,58322.98,Internal Forecast,Water Services,ACTIVE,2026-04-10,2026-04-10
NOM-00001091,FAC-019,2026-04-11,GAS,53529.484,Commercial,Processing,ACTIVE,2026-04-11,2026-04-11
NOM-00001092,FAC-019,2026-04-12,NGL,58559.303,Third-Party,Interruptible,ACTIVE,2026-04-12,2026-04-12
NOM-00001093,FAC-019,2026-04-13,NGL,46477.815,Operations,Gathering,ACTIVE,2026-04-13,2026-04-13
NOM-00001094,FAC-019,2026-04-14,NGL,52078.719,Commercial,Interruptible,ACTIVE,2026-04-14,2026-04-14
NOM-00001095,FAC-019,2026-04-15,GAS,52223.587,Third-Party,Interruptible,REVISED,2026-04-15,2026-04-15
NOM-00001096,FAC-019,2026-04-16,GAS,66369.068,Third-Party,Water Services,ACTIVE,2026-04-16,2026-04-16
NOM-00001097,FAC-019,2026-04-17,NGL,48224.975,Operations,Gathering,ACTIVE,2026-04-17,2026-04-17
NOM-00001098,FAC-019,2026-04-18,NGL,54818.421,Operations,Processing,ACTIVE,2026-04-18,2026-04-18
NOM-00001099,FAC-019,2026-04-19,GAS,48887.286,Operations,Firm,ACTIVE,2026-04-19,2026-04-19
NOM-00001100,FAC-019,2026-04-20,GAS,54481.94,Operations,Processing,ACTIVE,2026-04-20,2026-04-20
NOM-00001101,FAC-019,2026-04-21,NGL,56355.967,Affiliate,Gathering,ACTIVE,2026-04-21,2026-04-21
NOM-00001102,FAC-019,2026-04-22,CRUDE,47617.651,Affiliate,Processing,ACTIVE,2026-04-22,2026-04-22
NOM-00001103,FAC-019,2026-04-23,CRUDE,56474.297,Third-Party,Interruptible,ACTIVE,2026-04-23,2026-04-23
NOM-00001104,FAC-019,2026-04-24,CRUDE,58725.521,Internal Forecast,Water Services,ACTIVE,2026-04-24,2026-04-24
NOM-00001105,FAC-019,2026-04-25,GAS,58854.614,Operations,Processing,ACTIVE,2026-04-25,2026-04-25
NOM-00001106,FAC-019,2026-04-26,NGL,50206.991,Affiliate,Interruptible,ACTIVE,2026-04-26,2026-04-26
NOM-00001107,FAC-019,2026-04-27,GAS,50693.74,Operations,Processing,ACTIVE,2026-04-27,2026-04-27
NOM-00001108,FAC-019,2026-04-28,NGL,56024.865,Commercial,Interruptible,ACTIVE,2026-04-28,2026-04-28
NOM-00001109,FAC-019,2026-04-29,GAS,49201.045,Third-Party,Firm,ACTIVE,2026-04-29,2026-04-29
NOM-00001110,FAC-019,2026-04-30,GAS,53510.567,Internal Forecast,Firm,ACTIVE,2026-04-30,2026-04-30
NOM-00001111,FAC-019,2026-05-01,GAS,55139.608,Commercial,Interruptible,ACTIVE,2026-05-01,2026-05-01
NOM-00001112,FAC-019,2026-05-02,GAS,53257.357,Affiliate,Water Services,ACTIVE,2026-05-02,2026-05-02
NOM-00001113,FAC-019,2026-05-03,CRUDE,42385.857,Affiliate,Processing,ACTIVE,2026-05-03,2026-05-03
NOM-00001114,FAC-019,2026-05-04,PRODUCED_WATER,50479.928,Third-Party,Processing,PENDING,2026-05-04,2026-05-04
NOM-00001115,FAC-019,2026-05-05,GAS,52269.445,Affiliate,Interruptible,ACTIVE,2026-05-05,2026-05-05
NOM-00001116,FAC-019,2026-05-06,GAS,59589.577,Affiliate,Firm,REVISED,2026-05-06,2026-05-06
NOM-00001117,FAC-019,2026-05-07,GAS,58934.202,Operations,Water Services,ACTIVE,2026-05-07,2026-05-07
NOM-00001118,FAC-019,2026-05-08,CRUDE,54529.287,Affiliate,Gathering,ACTIVE,2026-05-08,2026-05-08
NOM-00001119,FAC-019,2026-05-09,GAS,53770.259,Affiliate,Firm,ACTIVE,2026-05-09,2026-05-09
NOM-00001120,FAC-019,2026-05-10,PRODUCED_WATER,46914.282,Operations,Processing,ACTIVE,2026-05-10,2026-05-10
NOM-00001121,FAC-019,2026-05-11,GAS,53570.703,Affiliate,Interruptible,ACTIVE,2026-05-11,2026-05-11
NOM-00001122,FAC-019,2026-05-12,CRUDE,43423.764,Third-Party,Gathering,ACTIVE,2026-05-12,2026-05-12
NOM-00001123,FAC-019,2026-05-13,GAS,60887.937,Operations,Interruptible,ACTIVE,2026-05-13,2026-05-13
NOM-00001124,FAC-019,2026-05-14,GAS,55500.926,Third-Party,Gathering,ACTIVE,2026-05-14,2026-05-14
NOM-00001125,FAC-019,2026-05-15,GAS,54354.784,Affiliate,Interruptible,ACTIVE,2026-05-15,2026-05-15
NOM-00001126,FAC-019,2026-05-16,GAS,54182.465,Internal Forecast,Gathering,PENDING,2026-05-16,2026-05-16
NOM-00001127,FAC-019,2026-05-17,GAS,53630.43,Operations,Firm,ACTIVE,2026-05-17,2026-05-17
NOM-00001128,FAC-019,2026-05-18,NGL,55020.917,Internal Forecast,Gathering,ACTIVE,2026-05-18,2026-05-18
NOM-00001129,FAC-019,2026-05-19,GAS,52487.425,Internal Forecast,Water Services,ACTIVE,2026-05-19,2026-05-19
NOM-00001130,FAC-019,2026-05-20,GAS,60577.787,Commercial,Firm,ACTIVE,2026-05-20,2026-05-20
NOM-00001131,FAC-019,2026-05-21,NGL,52081.121,Third-Party,Firm,ACTIVE,2026-05-21,2026-05-21
NOM-00001132,FAC-019,2026-05-22,GAS,47432.788,Operations,Firm,ACTIVE,2026-05-22,2026-05-22
NOM-00001133,FAC-019,2026-05-23,GAS,46257.206,Operations,Firm,ACTIVE,2026-05-23,2026-05-23
NOM-00001134,FAC-019,2026-05-24,GAS,58581.477,Third-Party,Firm,ACTIVE,2026-05-24,2026-05-24
NOM-00001135,FAC-019,2026-05-25,GAS,57482.46,Internal Forecast,Processing,ACTIVE,2026-05-25,2026-05-25
NOM-00001136,FAC-019,2026-05-26,NGL,56202.823,Operations,Firm,ACTIVE,2026-05-26,2026-05-26
NOM-00001137,FAC-019,2026-05-27,GAS,58446.811,Affiliate,Water Services,ACTIVE,2026-05-27,2026-05-27
NOM-00001138,FAC-019,2026-05-28,CRUDE,52437.218,Commercial,Water Services,PENDING,2026-05-28,2026-05-28
NOM-00001139,FAC-019,2026-05-29,NGL,56375.317,Commercial,Interruptible,REVISED,2026-05-29,2026-05-29
NOM-00001140,FAC-019,2026-05-30,GAS,56401.812,Affiliate,Interruptible,ACTIVE,2026-05-30,2026-05-30
NOM-00001141,FAC-020,2026-04-01,NGL,74517.26,Internal Forecast,Processing,ACTIVE,2026-04-01,2026-04-01
NOM-00001142,FAC-020,2026-04-02,GAS,52245.841,Operations,Gathering,ACTIVE,2026-04-02,2026-04-02
NOM-00001143,FAC-020,2026-04-03,GAS,58634.771,Operations,Interruptible,ACTIVE,2026-04-03,2026-04-03
NOM-00001144,FAC-020,2026-04-04,GAS,59411.745,Internal Forecast,Interruptible,ACTIVE,2026-04-04,2026-04-04
NOM-00001145,FAC-020,2026-04-05,CRUDE,57681.129,Affiliate,Firm,ACTIVE,2026-04-05,2026-04-05
NOM-00001146,FAC-020,2026-04-06,GAS,54089.811,Operations,Water Services,ACTIVE,2026-04-06,2026-04-06
NOM-00001147,FAC-020,2026-04-07,GAS,54999.24,Third-Party,Interruptible,ACTIVE,2026-04-07,2026-04-07
NOM-00001148,FAC-020,2026-04-08,GAS,64618.171,Operations,Interruptible,ACTIVE,2026-04-08,2026-04-08
NOM-00001149,FAC-020,2026-04-09,PRODUCED_WATER,62125.407,Internal Forecast,Gathering,REVISED,2026-04-09,2026-04-09
NOM-00001150,FAC-020,2026-04-10,GAS,61609.854,Operations,Interruptible,ACTIVE,2026-04-10,2026-04-10
NOM-00001151,FAC-020,2026-04-11,GAS,68928.732,Affiliate,Firm,ACTIVE,2026-04-11,2026-04-11
NOM-00001152,FAC-020,2026-04-12,GAS,62852.129,Commercial,Firm,ACTIVE,2026-04-12,2026-04-12
NOM-00001153,FAC-020,2026-04-13,PRODUCED_WATER,55627.147,Third-Party,Interruptible,ACTIVE,2026-04-13,2026-04-13
NOM-00001154,FAC-020,2026-04-14,GAS,59443.467,Affiliate,Processing,REVISED,2026-04-14,2026-04-14
NOM-00001155,FAC-020,2026-04-15,CRUDE,61529.287,Third-Party,Firm,ACTIVE,2026-04-15,2026-04-15
NOM-00001156,FAC-020,2026-04-16,CRUDE,67186.609,Commercial,Firm,ACTIVE,2026-04-16,2026-04-16
NOM-00001157,FAC-020,2026-04-17,PRODUCED_WATER,56543.071,Affiliate,Processing,ACTIVE,2026-04-17,2026-04-17
NOM-00001158,FAC-020,2026-04-18,NGL,62388.13,Internal Forecast,Gathering,ACTIVE,2026-04-18,2026-04-18
NOM-00001159,FAC-020,2026-04-19,PRODUCED_WATER,58330.978,Third-Party,Gathering,REVISED,2026-04-19,2026-04-19
NOM-00001160,FAC-020,2026-04-20,GAS,59122.544,Affiliate,Gathering,ACTIVE,2026-04-20,2026-04-20
NOM-00001161,FAC-020,2026-04-21,GAS,56531.565,Operations,Processing,ACTIVE,2026-04-21,2026-04-21
NOM-00001162,FAC-020,2026-04-22,PRODUCED_WATER,60035.992,Affiliate,Interruptible,ACTIVE,2026-04-22,2026-04-22
NOM-00001163,FAC-020,2026-04-23,GAS,62899.732,Third-Party,Processing,ACTIVE,2026-04-23,2026-04-23
NOM-00001164,FAC-020,2026-04-24,NGL,58721.777,Third-Party,Interruptible,ACTIVE,2026-04-24,2026-04-24
NOM-00001165,FAC-020,2026-04-25,GAS,64932.862,Commercial,Processing,ACTIVE,2026-04-25,2026-04-25
NOM-00001166,FAC-020,2026-04-26,GAS,53833.788,Affiliate,Firm,ACTIVE,2026-04-26,2026-04-26
NOM-00001167,FAC-020,2026-04-27,GAS,57345.571,Commercial,Firm,ACTIVE,2026-04-27,2026-04-27
NOM-00001168,FAC-020,2026-04-28,GAS,56137.348,Operations,Interruptible,ACTIVE,2026-04-28,2026-04-28
NOM-00001169,FAC-020,2026-04-29,GAS,61334.199,Operations,Water Services,ACTIVE,2026-04-29,2026-04-29
NOM-00001170,FAC-020,2026-04-30,GAS,50190.42,Operations,Firm,ACTIVE,2026-04-30,2026-04-30
NOM-00001171,FAC-020,2026-05-01,NGL,61888.976,Commercial,Interruptible,ACTIVE,2026-05-01,2026-05-01
NOM-00001172,FAC-020,2026-05-02,PRODUCED_WATER,55418.822,Affiliate,Gathering,ACTIVE,2026-05-02,2026-05-02
NOM-00001173,FAC-020,2026-05-03,PRODUCED_WATER,59166.439,Third-Party,Firm,ACTIVE,2026-05-03,2026-05-03
NOM-00001174,FAC-020,2026-05-04,GAS,59639.679,Commercial,Water Services,ACTIVE,2026-05-04,2026-05-04
NOM-00001175,FAC-020,2026-05-05,PRODUCED_WATER,52967.094,Commercial,Firm,ACTIVE,2026-05-05,2026-05-05
NOM-00001176,FAC-020,2026-05-06,GAS,63786.942,Commercial,Interruptible,ACTIVE,2026-05-06,2026-05-06
NOM-00001177,FAC-020,2026-05-07,GAS,58788.756,Third-Party,Processing,ACTIVE,2026-05-07,2026-05-07
NOM-00001178,FAC-020,2026-05-08,NGL,61292.164,Commercial,Water Services,ACTIVE,2026-05-08,2026-05-08
NOM-00001179,FAC-020,2026-05-09,GAS,71910.91,Operations,Interruptible,REVISED,2026-05-09,2026-05-09
NOM-00001180,FAC-020,2026-05-10,GAS,62128.815,Third-Party,Firm,ACTIVE,2026-05-10,2026-05-10
NOM-00001181,FAC-020,2026-05-11,PRODUCED_WATER,59092.626,Operations,Water Services,ACTIVE,2026-05-11,2026-05-11
NOM-00001182,FAC-020,2026-05-12,GAS,66635.621,Third-Party,Firm,REVISED,2026-05-12,2026-05-12
NOM-00001183,FAC-020,2026-05-13,GAS,57923.071,Affiliate,Gathering,ACTIVE,2026-05-13,2026-05-13
NOM-00001184,FAC-020,2026-05-14,GAS,67852.36,Commercial,Processing,ACTIVE,2026-05-14,2026-05-14
NOM-00001185,FAC-020,2026-05-15,CRUDE,57232.848,Internal Forecast,Water Services,ACTIVE,2026-05-15,2026-05-15
NOM-00001186,FAC-020,2026-05-16,NGL,68573.105,Commercial,Gathering,ACTIVE,2026-05-16,2026-05-16
NOM-00001187,FAC-020,2026-05-17,GAS,51221.971,Commercial,Interruptible,ACTIVE,2026-05-17,2026-05-17
NOM-00001188,FAC-020,2026-05-18,GAS,53823.438,Internal Forecast,Interruptible,ACTIVE,2026-05-18,2026-05-18
NOM-00001189,FAC-020,2026-05-19,GAS,61980.697,Operations,Firm,ACTIVE,2026-05-19,2026-05-19
NOM-00001190,FAC-020,2026-05-20,NGL,59795.09,Third-Party,Firm,ACTIVE,2026-05-20,2026-05-20
NOM-00001191,FAC-020,2026-05-21,GAS,69210.897,Third-Party,Water Services,ACTIVE,2026-05-21,2026-05-21
NOM-00001192,FAC-020,2026-05-22,GAS,68809.392,Commercial,Firm,REVISED,2026-05-22,2026-05-22
NOM-00001193,FAC-020,2026-05-23,GAS,52093.778,Commercial,Processing,ACTIVE,2026-05-23,2026-05-23
NOM-00001194,FAC-020,2026-05-24,CRUDE,65833.411,Operations,Processing,ACTIVE,2026-05-24,2026-05-24
NOM-00001195,FAC-020,2026-05-25,PRODUCED_WATER,64873.268,Affiliate,Processing,ACTIVE,2026-05-25,2026-05-25
NOM-00001196,FAC-020,2026-05-26,GAS,59585.08,Affiliate,Processing,ACTIVE,2026-05-26,2026-05-26
NOM-00001197,FAC-020,2026-05-27,GAS,63552.826,Third-Party,Firm,ACTIVE,2026-05-27,2026-05-27
NOM-00001198,FAC-020,2026-05-28,NGL,53605.031,Internal Forecast,Gathering,ACTIVE,2026-05-28,2026-05-28
NOM-00001199,FAC-020,2026-05-29,NGL,70344.391,Operations,Processing,ACTIVE,2026-05-29,2026-05-29
NOM-00001200,FAC-020,2026-05-30,GAS,66991.93,Internal Forecast,Processing,ACTIVE,2026-05-30,2026-05-30
NOM-00001201,FAC-021,2026-04-01,NGL,68524.323,Operations,Gathering,ACTIVE,2026-04-01,2026-04-01
NOM-00001202,FAC-021,2026-04-02,GAS,70381.126,Commercial,Water Services,ACTIVE,2026-04-02,2026-04-02
NOM-00001203,FAC-021,2026-04-03,GAS,61718.863,Operations,Interruptible,ACTIVE,2026-04-03,2026-04-03
NOM-00001204,FAC-021,2026-04-04,NGL,61159.406,Affiliate,Water Services,ACTIVE,2026-04-04,2026-04-04
NOM-00001205,FAC-021,2026-04-05,NGL,57531.99,Commercial,Processing,ACTIVE,2026-04-05,2026-04-05
NOM-00001206,FAC-021,2026-04-06,NGL,56480.721,Third-Party,Gathering,ACTIVE,2026-04-06,2026-04-06
NOM-00001207,FAC-021,2026-04-07,NGL,57227.97,Internal Forecast,Interruptible,ACTIVE,2026-04-07,2026-04-07
NOM-00001208,FAC-021,2026-04-08,GAS,73994.845,Internal Forecast,Gathering,ACTIVE,2026-04-08,2026-04-08
NOM-00001209,FAC-021,2026-04-09,GAS,66689.339,Commercial,Water Services,ACTIVE,2026-04-09,2026-04-09
NOM-00001210,FAC-021,2026-04-10,GAS,69127.493,Operations,Firm,ACTIVE,2026-04-10,2026-04-10
NOM-00001211,FAC-021,2026-04-11,PRODUCED_WATER,62300.61,Operations,Processing,ACTIVE,2026-04-11,2026-04-11
NOM-00001212,FAC-021,2026-04-12,GAS,66931.665,Affiliate,Gathering,ACTIVE,2026-04-12,2026-04-12
NOM-00001213,FAC-021,2026-04-13,PRODUCED_WATER,61525.939,Third-Party,Processing,ACTIVE,2026-04-13,2026-04-13
NOM-00001214,FAC-021,2026-04-14,GAS,57494.074,Third-Party,Gathering,ACTIVE,2026-04-14,2026-04-14
NOM-00001215,FAC-021,2026-04-15,GAS,61014.053,Third-Party,Firm,ACTIVE,2026-04-15,2026-04-15
NOM-00001216,FAC-021,2026-04-16,CRUDE,77526.793,Operations,Water Services,ACTIVE,2026-04-16,2026-04-16
NOM-00001217,FAC-021,2026-04-17,NGL,66657.808,Commercial,Interruptible,ACTIVE,2026-04-17,2026-04-17
NOM-00001218,FAC-021,2026-04-18,NGL,64136.371,Affiliate,Processing,ACTIVE,2026-04-18,2026-04-18
NOM-00001219,FAC-021,2026-04-19,PRODUCED_WATER,70412.57,Operations,Water Services,ACTIVE,2026-04-19,2026-04-19
NOM-00001220,FAC-021,2026-04-20,CRUDE,53081.653,Third-Party,Firm,ACTIVE,2026-04-20,2026-04-20
NOM-00001221,FAC-021,2026-04-21,GAS,61498.582,Commercial,Gathering,ACTIVE,2026-04-21,2026-04-21
NOM-00001222,FAC-021,2026-04-22,GAS,59434.469,Affiliate,Gathering,ACTIVE,2026-04-22,2026-04-22
NOM-00001223,FAC-021,2026-04-23,GAS,67833.678,Commercial,Firm,ACTIVE,2026-04-23,2026-04-23
NOM-00001224,FAC-021,2026-04-24,PRODUCED_WATER,71229.179,Affiliate,Firm,ACTIVE,2026-04-24,2026-04-24
NOM-00001225,FAC-021,2026-04-25,GAS,54310.67,Operations,Gathering,ACTIVE,2026-04-25,2026-04-25
NOM-00001226,FAC-021,2026-04-26,GAS,58381.861,Operations,Gathering,ACTIVE,2026-04-26,2026-04-26
NOM-00001227,FAC-021,2026-04-27,GAS,53580.901,Affiliate,Processing,ACTIVE,2026-04-27,2026-04-27
NOM-00001228,FAC-021,2026-04-28,NGL,65430.333,Commercial,Interruptible,ACTIVE,2026-04-28,2026-04-28
NOM-00001229,FAC-021,2026-04-29,GAS,67070.849,Internal Forecast,Interruptible,ACTIVE,2026-04-29,2026-04-29
NOM-00001230,FAC-021,2026-04-30,GAS,78036.861,Third-Party,Water Services,ACTIVE,2026-04-30,2026-04-30
NOM-00001231,FAC-021,2026-05-01,GAS,64235.059,Third-Party,Processing,ACTIVE,2026-05-01,2026-05-01
NOM-00001232,FAC-021,2026-05-02,GAS,54674.434,Internal Forecast,Interruptible,ACTIVE,2026-05-02,2026-05-02
NOM-00001233,FAC-021,2026-05-03,CRUDE,71286.315,Affiliate,Interruptible,ACTIVE,2026-05-03,2026-05-03
NOM-00001234,FAC-021,2026-05-04,GAS,65568.063,Internal Forecast,Interruptible,ACTIVE,2026-05-04,2026-05-04
NOM-00001235,FAC-021,2026-05-05,PRODUCED_WATER,60630.599,Internal Forecast,Processing,ACTIVE,2026-05-05,2026-05-05
NOM-00001236,FAC-021,2026-05-06,NGL,65484.427,Affiliate,Water Services,ACTIVE,2026-05-06,2026-05-06
NOM-00001237,FAC-021,2026-05-07,GAS,66776.711,Operations,Interruptible,ACTIVE,2026-05-07,2026-05-07
NOM-00001238,FAC-021,2026-05-08,GAS,64352.973,Operations,Processing,ACTIVE,2026-05-08,2026-05-08
NOM-00001239,FAC-021,2026-05-09,NGL,59324.236,Operations,Processing,ACTIVE,2026-05-09,2026-05-09
NOM-00001240,FAC-021,2026-05-10,GAS,65998.955,Internal Forecast,Water Services,ACTIVE,2026-05-10,2026-05-10
NOM-00001241,FAC-021,2026-05-11,PRODUCED_WATER,64266.656,Internal Forecast,Water Services,ACTIVE,2026-05-11,2026-05-11
NOM-00001242,FAC-021,2026-05-12,GAS,68215.801,Affiliate,Interruptible,ACTIVE,2026-05-12,2026-05-12
NOM-00001243,FAC-021,2026-05-13,GAS,51417.798,Internal Forecast,Firm,ACTIVE,2026-05-13,2026-05-13
NOM-00001244,FAC-021,2026-05-14,GAS,61348.493,Operations,Gathering,REVISED,2026-05-14,2026-05-14
NOM-00001245,FAC-021,2026-05-15,GAS,65931.041,Internal Forecast,Water Services,ACTIVE,2026-05-15,2026-05-15
NOM-00001246,FAC-021,2026-05-16,GAS,63823.447,Internal Forecast,Firm,ACTIVE,2026-05-16,2026-05-16
NOM-00001247,FAC-021,2026-05-17,GAS,68511.282,Operations,Water Services,ACTIVE,2026-05-17,2026-05-17
NOM-00001248,FAC-021,2026-05-18,GAS,58642.63,Internal Forecast,Gathering,ACTIVE,2026-05-18,2026-05-18
NOM-00001249,FAC-021,2026-05-19,NGL,57682.302,Internal Forecast,Interruptible,ACTIVE,2026-05-19,2026-05-19
NOM-00001250,FAC-021,2026-05-20,GAS,60799.041,Commercial,Water Services,ACTIVE,2026-05-20,2026-05-20
NOM-00001251,FAC-021,2026-05-21,GAS,65456.278,Third-Party,Firm,ACTIVE,2026-05-21,2026-05-21
NOM-00001252,FAC-021,2026-05-22,CRUDE,63163.116,Third-Party,Interruptible,ACTIVE,2026-05-22,2026-05-22
NOM-00001253,FAC-021,2026-05-23,PRODUCED_WATER,42040.897,Commercial,Firm,ACTIVE,2026-05-23,2026-05-23
NOM-00001254,FAC-021,2026-05-24,NGL,62600.822,Commercial,Gathering,ACTIVE,2026-05-24,2026-05-24
NOM-00001255,FAC-021,2026-05-25,GAS,66060.379,Third-Party,Interruptible,ACTIVE,2026-05-25,2026-05-25
NOM-00001256,FAC-021,2026-05-26,CRUDE,65438.282,Third-Party,Processing,ACTIVE,2026-05-26,2026-05-26
NOM-00001257,FAC-021,2026-05-27,GAS,60222.918,Third-Party,Interruptible,ACTIVE,2026-05-27,2026-05-27
NOM-00001258,FAC-021,2026-05-28,NGL,61066.174,Commercial,Firm,ACTIVE,2026-05-28,2026-05-28
NOM-00001259,FAC-021,2026-05-29,GAS,70407.941,Operations,Interruptible,ACTIVE,2026-05-29,2026-05-29
NOM-00001260,FAC-021,2026-05-30,GAS,64397.836,Affiliate,Water Services,ACTIVE,2026-05-30,2026-05-30
NOM-00001261,FAC-022,2026-04-01,NGL,85034.44,Affiliate,Gathering,ACTIVE,2026-04-01,2026-04-01
NOM-00001262,FAC-022,2026-04-02,GAS,77776.354,Commercial,Processing,ACTIVE,2026-04-02,2026-04-02
NOM-00001263,FAC-022,2026-04-03,CRUDE,69596.002,Affiliate,Gathering,ACTIVE,2026-04-03,2026-04-03
NOM-00001264,FAC-022,2026-04-04,GAS,71925.324,Internal Forecast,Water Services,ACTIVE,2026-04-04,2026-04-04
NOM-00001265,FAC-022,2026-04-05,GAS,81927.315,Third-Party,Gathering,ACTIVE,2026-04-05,2026-04-05
NOM-00001266,FAC-022,2026-04-06,NGL,69747.687,Third-Party,Water Services,ACTIVE,2026-04-06,2026-04-06
NOM-00001267,FAC-022,2026-04-07,PRODUCED_WATER,67912.805,Internal Forecast,Interruptible,ACTIVE,2026-04-07,2026-04-07
NOM-00001268,FAC-022,2026-04-08,GAS,69947.955,Operations,Interruptible,ACTIVE,2026-04-08,2026-04-08
NOM-00001269,FAC-022,2026-04-09,PRODUCED_WATER,76460.674,Internal Forecast,Processing,ACTIVE,2026-04-09,2026-04-09
NOM-00001270,FAC-022,2026-04-10,GAS,82807.819,Affiliate,Interruptible,ACTIVE,2026-04-10,2026-04-10
NOM-00001271,FAC-022,2026-04-11,PRODUCED_WATER,73006.881,Affiliate,Water Services,ACTIVE,2026-04-11,2026-04-11
NOM-00001272,FAC-022,2026-04-12,NGL,74779.275,Operations,Water Services,ACTIVE,2026-04-12,2026-04-12
NOM-00001273,FAC-022,2026-04-13,GAS,65337.456,Operations,Interruptible,ACTIVE,2026-04-13,2026-04-13
NOM-00001274,FAC-022,2026-04-14,CRUDE,70353.568,Affiliate,Gathering,ACTIVE,2026-04-14,2026-04-14
NOM-00001275,FAC-022,2026-04-15,CRUDE,78295.408,Internal Forecast,Gathering,ACTIVE,2026-04-15,2026-04-15
NOM-00001276,FAC-022,2026-04-16,GAS,71328.521,Third-Party,Gathering,ACTIVE,2026-04-16,2026-04-16
NOM-00001277,FAC-022,2026-04-17,CRUDE,70180.395,Affiliate,Firm,ACTIVE,2026-04-17,2026-04-17
NOM-00001278,FAC-022,2026-04-18,PRODUCED_WATER,72161.26,Commercial,Firm,ACTIVE,2026-04-18,2026-04-18
NOM-00001279,FAC-022,2026-04-19,CRUDE,77544.627,Affiliate,Gathering,ACTIVE,2026-04-19,2026-04-19
NOM-00001280,FAC-022,2026-04-20,GAS,74995.125,Third-Party,Gathering,ACTIVE,2026-04-20,2026-04-20
NOM-00001281,FAC-022,2026-04-21,GAS,69050.285,Third-Party,Interruptible,ACTIVE,2026-04-21,2026-04-21
NOM-00001282,FAC-022,2026-04-22,PRODUCED_WATER,85103.767,Internal Forecast,Interruptible,ACTIVE,2026-04-22,2026-04-22
NOM-00001283,FAC-022,2026-04-23,GAS,79414.953,Internal Forecast,Water Services,ACTIVE,2026-04-23,2026-04-23
NOM-00001284,FAC-022,2026-04-24,PRODUCED_WATER,66992.993,Internal Forecast,Gathering,ACTIVE,2026-04-24,2026-04-24
NOM-00001285,FAC-022,2026-04-25,GAS,83495.081,Affiliate,Water Services,ACTIVE,2026-04-25,2026-04-25
NOM-00001286,FAC-022,2026-04-26,PRODUCED_WATER,72748.544,Internal Forecast,Gathering,ACTIVE,2026-04-26,2026-04-26
NOM-00001287,FAC-022,2026-04-27,NGL,67544.489,Operations,Water Services,ACTIVE,2026-04-27,2026-04-27
NOM-00001288,FAC-022,2026-04-28,GAS,74712.568,Internal Forecast,Gathering,ACTIVE,2026-04-28,2026-04-28
NOM-00001289,FAC-022,2026-04-29,PRODUCED_WATER,80205.606,Commercial,Water Services,ACTIVE,2026-04-29,2026-04-29
NOM-00001290,FAC-022,2026-04-30,GAS,79856.236,Commercial,Processing,ACTIVE,2026-04-30,2026-04-30
NOM-00001291,FAC-022,2026-05-01,GAS,79104.165,Affiliate,Water Services,ACTIVE,2026-05-01,2026-05-01
NOM-00001292,FAC-022,2026-05-02,NGL,71417.679,Third-Party,Water Services,ACTIVE,2026-05-02,2026-05-02
NOM-00001293,FAC-022,2026-05-03,GAS,74752.47,Internal Forecast,Gathering,ACTIVE,2026-05-03,2026-05-03
NOM-00001294,FAC-022,2026-05-04,GAS,66822.942,Operations,Processing,ACTIVE,2026-05-04,2026-05-04
NOM-00001295,FAC-022,2026-05-05,GAS,64626.357,Operations,Gathering,ACTIVE,2026-05-05,2026-05-05
NOM-00001296,FAC-022,2026-05-06,GAS,79806.953,Commercial,Gathering,REVISED,2026-05-06,2026-05-06
NOM-00001297,FAC-022,2026-05-07,GAS,63333.846,Internal Forecast,Interruptible,ACTIVE,2026-05-07,2026-05-07
NOM-00001298,FAC-022,2026-05-08,GAS,75704.203,Internal Forecast,Firm,ACTIVE,2026-05-08,2026-05-08
NOM-00001299,FAC-022,2026-05-09,NGL,76117.101,Third-Party,Firm,ACTIVE,2026-05-09,2026-05-09
NOM-00001300,FAC-022,2026-05-10,PRODUCED_WATER,69577.596,Third-Party,Gathering,ACTIVE,2026-05-10,2026-05-10
NOM-00001301,FAC-022,2026-05-11,GAS,71557.689,Affiliate,Firm,ACTIVE,2026-05-11,2026-05-11
NOM-00001302,FAC-022,2026-05-12,CRUDE,76563.688,Affiliate,Firm,ACTIVE,2026-05-12,2026-05-12
NOM-00001303,FAC-022,2026-05-13,GAS,77280.092,Operations,Water Services,ACTIVE,2026-05-13,2026-05-13
NOM-00001304,FAC-022,2026-05-14,GAS,79819.423,Third-Party,Gathering,ACTIVE,2026-05-14,2026-05-14
NOM-00001305,FAC-022,2026-05-15,CRUDE,64576.627,Internal Forecast,Firm,ACTIVE,2026-05-15,2026-05-15
NOM-00001306,FAC-022,2026-05-16,CRUDE,68180.005,Commercial,Water Services,ACTIVE,2026-05-16,2026-05-16
NOM-00001307,FAC-022,2026-05-17,PRODUCED_WATER,72513.52,Commercial,Gathering,ACTIVE,2026-05-17,2026-05-17
NOM-00001308,FAC-022,2026-05-18,GAS,74741.989,Third-Party,Water Services,ACTIVE,2026-05-18,2026-05-18
NOM-00001309,FAC-022,2026-05-19,PRODUCED_WATER,60141.826,Affiliate,Water Services,ACTIVE,2026-05-19,2026-05-19
NOM-00001310,FAC-022,2026-05-20,GAS,65800.179,Commercial,Interruptible,ACTIVE,2026-05-20,2026-05-20
NOM-00001311,FAC-022,2026-05-21,GAS,71739.616,Internal Forecast,Gathering,ACTIVE,2026-05-21,2026-05-21
NOM-00001312,FAC-022,2026-05-22,NGL,66506.234,Affiliate,Processing,ACTIVE,2026-05-22,2026-05-22
NOM-00001313,FAC-022,2026-05-23,GAS,70606.436,Internal Forecast,Gathering,ACTIVE,2026-05-23,2026-05-23
NOM-00001314,FAC-022,2026-05-24,GAS,71984.202,Operations,Gathering,ACTIVE,2026-05-24,2026-05-24
NOM-00001315,FAC-022,2026-05-25,GAS,78610.921,Internal Forecast,Processing,ACTIVE,2026-05-25,2026-05-25
NOM-00001316,FAC-022,2026-05-26,GAS,78079.46,Commercial,Gathering,ACTIVE,2026-05-26,2026-05-26
NOM-00001317,FAC-022,2026-05-27,GAS,73981.312,Operations,Interruptible,ACTIVE,2026-05-27,2026-05-27
NOM-00001318,FAC-022,2026-05-28,CRUDE,80768.417,Commercial,Processing,ACTIVE,2026-05-28,2026-05-28
NOM-00001319,FAC-022,2026-05-29,GAS,75867.393,Third-Party,Processing,ACTIVE,2026-05-29,2026-05-29
NOM-00001320,FAC-022,2026-05-30,GAS,62971.424,Affiliate,Firm,ACTIVE,2026-05-30,2026-05-30
NOM-00001321,FAC-023,2026-04-01,GAS,57324.346,Operations,Water Services,ACTIVE,2026-04-01,2026-04-01
NOM-00001322,FAC-023,2026-04-02,GAS,75201.222,Internal Forecast,Firm,ACTIVE,2026-04-02,2026-04-02
NOM-00001323,FAC-023,2026-04-03,CRUDE,69666.024,Third-Party,Firm,ACTIVE,2026-04-03,2026-04-03
NOM-00001324,FAC-023,2026-04-04,CRUDE,67414.473,Commercial,Interruptible,ACTIVE,2026-04-04,2026-04-04
NOM-00001325,FAC-023,2026-04-05,GAS,63498.972,Operations,Interruptible,ACTIVE,2026-04-05,2026-04-05
NOM-00001326,FAC-023,2026-04-06,PRODUCED_WATER,60059.846,Internal Forecast,Gathering,ACTIVE,2026-04-06,2026-04-06
NOM-00001327,FAC-023,2026-04-07,PRODUCED_WATER,69128.794,Operations,Firm,ACTIVE,2026-04-07,2026-04-07
NOM-00001328,FAC-023,2026-04-08,GAS,72409.824,Commercial,Interruptible,ACTIVE,2026-04-08,2026-04-08
NOM-00001329,FAC-023,2026-04-09,GAS,60477.958,Operations,Gathering,ACTIVE,2026-04-09,2026-04-09
NOM-00001330,FAC-023,2026-04-10,GAS,64071.57,Third-Party,Water Services,ACTIVE,2026-04-10,2026-04-10
NOM-00001331,FAC-023,2026-04-11,GAS,76151.713,Operations,Water Services,ACTIVE,2026-04-11,2026-04-11
NOM-00001332,FAC-023,2026-04-12,GAS,60958.989,Affiliate,Processing,ACTIVE,2026-04-12,2026-04-12
NOM-00001333,FAC-023,2026-04-13,GAS,66733.926,Operations,Gathering,REVISED,2026-04-13,2026-04-13
NOM-00001334,FAC-023,2026-04-14,GAS,72369.721,Internal Forecast,Processing,ACTIVE,2026-04-14,2026-04-14
NOM-00001335,FAC-023,2026-04-15,CRUDE,69666.772,Internal Forecast,Interruptible,ACTIVE,2026-04-15,2026-04-15
NOM-00001336,FAC-023,2026-04-16,GAS,69816.287,Internal Forecast,Firm,ACTIVE,2026-04-16,2026-04-16
NOM-00001337,FAC-023,2026-04-17,GAS,65755.293,Affiliate,Processing,ACTIVE,2026-04-17,2026-04-17
NOM-00001338,FAC-023,2026-04-18,PRODUCED_WATER,51783.944,Third-Party,Gathering,ACTIVE,2026-04-18,2026-04-18
NOM-00001339,FAC-023,2026-04-19,NGL,64204.273,Operations,Firm,ACTIVE,2026-04-19,2026-04-19
NOM-00001340,FAC-023,2026-04-20,GAS,68169.301,Operations,Firm,PENDING,2026-04-20,2026-04-20
NOM-00001341,FAC-023,2026-04-21,GAS,65817.659,Operations,Firm,ACTIVE,2026-04-21,2026-04-21
NOM-00001342,FAC-023,2026-04-22,GAS,73456.716,Operations,Processing,ACTIVE,2026-04-22,2026-04-22
NOM-00001343,FAC-023,2026-04-23,GAS,65146.714,Affiliate,Firm,ACTIVE,2026-04-23,2026-04-23
NOM-00001344,FAC-023,2026-04-24,GAS,71041.682,Affiliate,Water Services,ACTIVE,2026-04-24,2026-04-24
NOM-00001345,FAC-023,2026-04-25,GAS,68601.558,Commercial,Interruptible,ACTIVE,2026-04-25,2026-04-25
NOM-00001346,FAC-023,2026-04-26,NGL,64808.817,Third-Party,Gathering,ACTIVE,2026-04-26,2026-04-26
NOM-00001347,FAC-023,2026-04-27,GAS,63092.854,Commercial,Water Services,ACTIVE,2026-04-27,2026-04-27
NOM-00001348,FAC-023,2026-04-28,GAS,70911.338,Internal Forecast,Gathering,ACTIVE,2026-04-28,2026-04-28
NOM-00001349,FAC-023,2026-04-29,GAS,65010.165,Operations,Firm,ACTIVE,2026-04-29,2026-04-29
NOM-00001350,FAC-023,2026-04-30,GAS,66185.598,Internal Forecast,Water Services,ACTIVE,2026-04-30,2026-04-30
NOM-00001351,FAC-023,2026-05-01,GAS,66046.133,Operations,Firm,ACTIVE,2026-05-01,2026-05-01
NOM-00001352,FAC-023,2026-05-02,GAS,64517.003,Third-Party,Gathering,ACTIVE,2026-05-02,2026-05-02
NOM-00001353,FAC-023,2026-05-03,PRODUCED_WATER,71199.134,Internal Forecast,Firm,ACTIVE,2026-05-03,2026-05-03
NOM-00001354,FAC-023,2026-05-04,NGL,71083.691,Operations,Firm,ACTIVE,2026-05-04,2026-05-04
NOM-00001355,FAC-023,2026-05-05,PRODUCED_WATER,61205.412,Affiliate,Water Services,ACTIVE,2026-05-05,2026-05-05
NOM-00001356,FAC-023,2026-05-06,GAS,69266.599,Affiliate,Water Services,ACTIVE,2026-05-06,2026-05-06
NOM-00001357,FAC-023,2026-05-07,GAS,73078.889,Internal Forecast,Firm,REVISED,2026-05-07,2026-05-07
NOM-00001358,FAC-023,2026-05-08,NGL,64594.499,Internal Forecast,Interruptible,ACTIVE,2026-05-08,2026-05-08
NOM-00001359,FAC-023,2026-05-09,NGL,70393.755,Affiliate,Processing,ACTIVE,2026-05-09,2026-05-09
NOM-00001360,FAC-023,2026-05-10,NGL,62352.551,Affiliate,Processing,ACTIVE,2026-05-10,2026-05-10
NOM-00001361,FAC-023,2026-05-11,GAS,61420.596,Third-Party,Firm,REVISED,2026-05-11,2026-05-11
NOM-00001362,FAC-023,2026-05-12,PRODUCED_WATER,63116.026,Internal Forecast,Water Services,REVISED,2026-05-12,2026-05-12
NOM-00001363,FAC-023,2026-05-13,GAS,57430.499,Affiliate,Water Services,ACTIVE,2026-05-13,2026-05-13
NOM-00001364,FAC-023,2026-05-14,NGL,68475.26,Third-Party,Processing,ACTIVE,2026-05-14,2026-05-14
NOM-00001365,FAC-023,2026-05-15,NGL,64210.801,Third-Party,Firm,ACTIVE,2026-05-15,2026-05-15
NOM-00001366,FAC-023,2026-05-16,GAS,71811.405,Operations,Water Services,ACTIVE,2026-05-16,2026-05-16
NOM-00001367,FAC-023,2026-05-17,GAS,58938.919,Affiliate,Interruptible,ACTIVE,2026-05-17,2026-05-17
NOM-00001368,FAC-023,2026-05-18,GAS,67481.56,Internal Forecast,Interruptible,PENDING,2026-05-18,2026-05-18
NOM-00001369,FAC-023,2026-05-19,GAS,67672.898,Third-Party,Water Services,ACTIVE,2026-05-19,2026-05-19
NOM-00001370,FAC-023,2026-05-20,GAS,65459.224,Affiliate,Processing,ACTIVE,2026-05-20,2026-05-20
NOM-00001371,FAC-023,2026-05-21,PRODUCED_WATER,78093.79,Internal Forecast,Processing,ACTIVE,2026-05-21,2026-05-21
NOM-00001372,FAC-023,2026-05-22,CRUDE,55788.659,Commercial,Gathering,ACTIVE,2026-05-22,2026-05-22
NOM-00001373,FAC-023,2026-05-23,GAS,60816.441,Internal Forecast,Interruptible,ACTIVE,2026-05-23,2026-05-23
NOM-00001374,FAC-023,2026-05-24,GAS,75220.384,Internal Forecast,Firm,ACTIVE,2026-05-24,2026-05-24
NOM-00001375,FAC-023,2026-05-25,NGL,71832.123,Operations,Interruptible,ACTIVE,2026-05-25,2026-05-25
NOM-00001376,FAC-023,2026-05-26,GAS,66557.637,Third-Party,Interruptible,ACTIVE,2026-05-26,2026-05-26
NOM-00001377,FAC-023,2026-05-27,GAS,63741.431,Affiliate,Firm,ACTIVE,2026-05-27,2026-05-27
NOM-00001378,FAC-023,2026-05-28,CRUDE,56777.727,Internal Forecast,Interruptible,ACTIVE,2026-05-28,2026-05-28
NOM-00001379,FAC-023,2026-05-29,GAS,66801.547,Affiliate,Interruptible,ACTIVE,2026-05-29,2026-05-29
NOM-00001380,FAC-023,2026-05-30,PRODUCED_WATER,70656.369,Affiliate,Firm,ACTIVE,2026-05-30,2026-05-30
NOM-00001381,FAC-024,2026-04-01,GAS,61085.942,Internal Forecast,Water Services,ACTIVE,2026-04-01,2026-04-01
NOM-00001382,FAC-024,2026-04-02,GAS,72377.592,Internal Forecast,Gathering,ACTIVE,2026-04-02,2026-04-02
NOM-00001383,FAC-024,2026-04-03,NGL,69624.322,Commercial,Processing,ACTIVE,2026-04-03,2026-04-03
NOM-00001384,FAC-024,2026-04-04,GAS,60331.972,Affiliate,Gathering,ACTIVE,2026-04-04,2026-04-04
NOM-00001385,FAC-024,2026-04-05,GAS,73967.945,Commercial,Gathering,ACTIVE,2026-04-05,2026-04-05
NOM-00001386,FAC-024,2026-04-06,PRODUCED_WATER,72630.532,Internal Forecast,Interruptible,ACTIVE,2026-04-06,2026-04-06
NOM-00001387,FAC-024,2026-04-07,PRODUCED_WATER,60260.18,Commercial,Water Services,ACTIVE,2026-04-07,2026-04-07
NOM-00001388,FAC-024,2026-04-08,PRODUCED_WATER,67066.227,Internal Forecast,Processing,ACTIVE,2026-04-08,2026-04-08
NOM-00001389,FAC-024,2026-04-09,GAS,62939.535,Internal Forecast,Water Services,ACTIVE,2026-04-09,2026-04-09
NOM-00001390,FAC-024,2026-04-10,GAS,80141.508,Operations,Gathering,ACTIVE,2026-04-10,2026-04-10
NOM-00001391,FAC-024,2026-04-11,PRODUCED_WATER,46015.465,Commercial,Interruptible,ACTIVE,2026-04-11,2026-04-11
NOM-00001392,FAC-024,2026-04-12,GAS,70054.348,Affiliate,Processing,ACTIVE,2026-04-12,2026-04-12
NOM-00001393,FAC-024,2026-04-13,PRODUCED_WATER,57906.73,Internal Forecast,Processing,ACTIVE,2026-04-13,2026-04-13
NOM-00001394,FAC-024,2026-04-14,GAS,59504.203,Third-Party,Processing,ACTIVE,2026-04-14,2026-04-14
NOM-00001395,FAC-024,2026-04-15,GAS,65239.249,Internal Forecast,Interruptible,ACTIVE,2026-04-15,2026-04-15
NOM-00001396,FAC-024,2026-04-16,NGL,65392.804,Third-Party,Gathering,ACTIVE,2026-04-16,2026-04-16
NOM-00001397,FAC-024,2026-04-17,GAS,62032.256,Internal Forecast,Firm,ACTIVE,2026-04-17,2026-04-17
NOM-00001398,FAC-024,2026-04-18,GAS,72119.308,Affiliate,Water Services,ACTIVE,2026-04-18,2026-04-18
NOM-00001399,FAC-024,2026-04-19,NGL,67502.038,Third-Party,Gathering,ACTIVE,2026-04-19,2026-04-19
NOM-00001400,FAC-024,2026-04-20,CRUDE,74338.676,Third-Party,Gathering,ACTIVE,2026-04-20,2026-04-20
NOM-00001401,FAC-024,2026-04-21,NGL,59778.262,Commercial,Gathering,ACTIVE,2026-04-21,2026-04-21
NOM-00001402,FAC-024,2026-04-22,GAS,64021.684,Internal Forecast,Water Services,ACTIVE,2026-04-22,2026-04-22
NOM-00001403,FAC-024,2026-04-23,GAS,64308.077,Third-Party,Interruptible,ACTIVE,2026-04-23,2026-04-23
NOM-00001404,FAC-024,2026-04-24,GAS,66385.154,Operations,Interruptible,ACTIVE,2026-04-24,2026-04-24
NOM-00001405,FAC-024,2026-04-25,GAS,73378.33,Internal Forecast,Water Services,ACTIVE,2026-04-25,2026-04-25
NOM-00001406,FAC-024,2026-04-26,GAS,70649.966,Commercial,Firm,ACTIVE,2026-04-26,2026-04-26
NOM-00001407,FAC-024,2026-04-27,GAS,67218.807,Commercial,Water Services,ACTIVE,2026-04-27,2026-04-27
NOM-00001408,FAC-024,2026-04-28,GAS,68280.154,Operations,Firm,ACTIVE,2026-04-28,2026-04-28
NOM-00001409,FAC-024,2026-04-29,GAS,73351.387,Affiliate,Processing,ACTIVE,2026-04-29,2026-04-29
NOM-00001410,FAC-024,2026-04-30,CRUDE,70061.009,Internal Forecast,Water Services,PENDING,2026-04-30,2026-04-30
NOM-00001411,FAC-024,2026-05-01,GAS,65279.475,Commercial,Processing,ACTIVE,2026-05-01,2026-05-01
NOM-00001412,FAC-024,2026-05-02,CRUDE,63495.323,Third-Party,Interruptible,ACTIVE,2026-05-02,2026-05-02
NOM-00001413,FAC-024,2026-05-03,GAS,74011.501,Operations,Water Services,ACTIVE,2026-05-03,2026-05-03
NOM-00001414,FAC-024,2026-05-04,GAS,74763.075,Affiliate,Firm,PENDING,2026-05-04,2026-05-04
NOM-00001415,FAC-024,2026-05-05,PRODUCED_WATER,63672.074,Internal Forecast,Water Services,ACTIVE,2026-05-05,2026-05-05
NOM-00001416,FAC-024,2026-05-06,PRODUCED_WATER,76540.904,Commercial,Firm,ACTIVE,2026-05-06,2026-05-06
NOM-00001417,FAC-024,2026-05-07,PRODUCED_WATER,75764.314,Commercial,Processing,ACTIVE,2026-05-07,2026-05-07
NOM-00001418,FAC-024,2026-05-08,GAS,63266.31,Third-Party,Water Services,ACTIVE,2026-05-08,2026-05-08
NOM-00001419,FAC-024,2026-05-09,CRUDE,69946.496,Affiliate,Water Services,ACTIVE,2026-05-09,2026-05-09
NOM-00001420,FAC-024,2026-05-10,PRODUCED_WATER,63554.937,Internal Forecast,Firm,ACTIVE,2026-05-10,2026-05-10
NOM-00001421,FAC-024,2026-05-11,CRUDE,64920.455,Operations,Interruptible,ACTIVE,2026-05-11,2026-05-11
NOM-00001422,FAC-024,2026-05-12,NGL,58074.257,Operations,Gathering,REVISED,2026-05-12,2026-05-12
NOM-00001423,FAC-024,2026-05-13,GAS,60442.032,Commercial,Processing,ACTIVE,2026-05-13,2026-05-13
NOM-00001424,FAC-024,2026-05-14,PRODUCED_WATER,74512.169,Commercial,Interruptible,ACTIVE,2026-05-14,2026-05-14
NOM-00001425,FAC-024,2026-05-15,NGL,63964.263,Operations,Interruptible,REVISED,2026-05-15,2026-05-15
NOM-00001426,FAC-024,2026-05-16,PRODUCED_WATER,77115.644,Affiliate,Water Services,ACTIVE,2026-05-16,2026-05-16
NOM-00001427,FAC-024,2026-05-17,GAS,68118.957,Affiliate,Processing,ACTIVE,2026-05-17,2026-05-17
NOM-00001428,FAC-024,2026-05-18,CRUDE,67833.241,Internal Forecast,Firm,ACTIVE,2026-05-18,2026-05-18
NOM-00001429,FAC-024,2026-05-19,GAS,60678.752,Operations,Firm,ACTIVE,2026-05-19,2026-05-19
NOM-00001430,FAC-024,2026-05-20,GAS,59359.577,Third-Party,Processing,ACTIVE,2026-05-20,2026-05-20
NOM-00001431,FAC-024,2026-05-21,GAS,63261.955,Internal Forecast,Processing,ACTIVE,2026-05-21,2026-05-21
NOM-00001432,FAC-024,2026-05-22,GAS,66794.742,Third-Party,Interruptible,ACTIVE,2026-05-22,2026-05-22
NOM-00001433,FAC-024,2026-05-23,GAS,68990.967,Third-Party,Gathering,ACTIVE,2026-05-23,2026-05-23
NOM-00001434,FAC-024,2026-05-24,PRODUCED_WATER,67430.947,Operations,Water Services,ACTIVE,2026-05-24,2026-05-24
NOM-00001435,FAC-024,2026-05-25,GAS,63876.574,Affiliate,Gathering,ACTIVE,2026-05-25,2026-05-25
NOM-00001436,FAC-024,2026-05-26,GAS,69708.536,Third-Party,Gathering,ACTIVE,2026-05-26,2026-05-26
NOM-00001437,FAC-024,2026-05-27,CRUDE,81938.527,Commercial,Interruptible,ACTIVE,2026-05-27,2026-05-27
NOM-00001438,FAC-024,2026-05-28,GAS,64218.419,Third-Party,Processing,ACTIVE,2026-05-28,2026-05-28
NOM-00001439,FAC-024,2026-05-29,GAS,53207.495,Internal Forecast,Water Services,ACTIVE,2026-05-29,2026-05-29
NOM-00001440,FAC-024,2026-05-30,GAS,75095.537,Commercial,Firm,ACTIVE,2026-05-30,2026-05-30
NOM-00001441,FAC-025,2026-04-01,GAS,51230.454,Operations,Processing,ACTIVE,2026-04-01,2026-04-01
NOM-00001442,FAC-025,2026-04-02,NGL,66336.731,Affiliate,Firm,ACTIVE,2026-04-02,2026-04-02
NOM-00001443,FAC-025,2026-04-03,GAS,68289.005,Internal Forecast,Firm,ACTIVE,2026-04-03,2026-04-03
NOM-00001444,FAC-025,2026-04-04,GAS,54629.687,Third-Party,Processing,ACTIVE,2026-04-04,2026-04-04
NOM-00001445,FAC-025,2026-04-05,GAS,56274.336,Operations,Firm,ACTIVE,2026-04-05,2026-04-05
NOM-00001446,FAC-025,2026-04-06,NGL,64232.956,Third-Party,Water Services,ACTIVE,2026-04-06,2026-04-06
NOM-00001447,FAC-025,2026-04-07,CRUDE,64039.679,Operations,Processing,ACTIVE,2026-04-07,2026-04-07
NOM-00001448,FAC-025,2026-04-08,CRUDE,64994.359,Third-Party,Interruptible,ACTIVE,2026-04-08,2026-04-08
NOM-00001449,FAC-025,2026-04-09,GAS,60936.827,Commercial,Water Services,ACTIVE,2026-04-09,2026-04-09
NOM-00001450,FAC-025,2026-04-10,NGL,58092.501,Affiliate,Gathering,ACTIVE,2026-04-10,2026-04-10
NOM-00001451,FAC-025,2026-04-11,GAS,62613.784,Affiliate,Gathering,PENDING,2026-04-11,2026-04-11
NOM-00001452,FAC-025,2026-04-12,CRUDE,65709.596,Internal Forecast,Processing,ACTIVE,2026-04-12,2026-04-12
NOM-00001453,FAC-025,2026-04-13,GAS,61255.828,Commercial,Gathering,REVISED,2026-04-13,2026-04-13
NOM-00001454,FAC-025,2026-04-14,GAS,44928.212,Affiliate,Water Services,ACTIVE,2026-04-14,2026-04-14
NOM-00001455,FAC-025,2026-04-15,GAS,62368.639,Third-Party,Processing,ACTIVE,2026-04-15,2026-04-15
NOM-00001456,FAC-025,2026-04-16,NGL,56117.083,Operations,Gathering,ACTIVE,2026-04-16,2026-04-16
NOM-00001457,FAC-025,2026-04-17,PRODUCED_WATER,58587.09,Affiliate,Processing,ACTIVE,2026-04-17,2026-04-17
NOM-00001458,FAC-025,2026-04-18,CRUDE,64003.906,Operations,Interruptible,ACTIVE,2026-04-18,2026-04-18
NOM-00001459,FAC-025,2026-04-19,GAS,56980.079,Third-Party,Firm,ACTIVE,2026-04-19,2026-04-19
NOM-00001460,FAC-025,2026-04-20,GAS,53931.953,Third-Party,Gathering,ACTIVE,2026-04-20,2026-04-20
NOM-00001461,FAC-025,2026-04-21,NGL,59887.671,Operations,Interruptible,ACTIVE,2026-04-21,2026-04-21
NOM-00001462,FAC-025,2026-04-22,GAS,55306.504,Third-Party,Processing,ACTIVE,2026-04-22,2026-04-22
NOM-00001463,FAC-025,2026-04-23,GAS,60323.337,Third-Party,Interruptible,ACTIVE,2026-04-23,2026-04-23
NOM-00001464,FAC-025,2026-04-24,GAS,67858.544,Operations,Processing,ACTIVE,2026-04-24,2026-04-24
NOM-00001465,FAC-025,2026-04-25,NGL,51667.673,Third-Party,Processing,ACTIVE,2026-04-25,2026-04-25
NOM-00001466,FAC-025,2026-04-26,PRODUCED_WATER,54206.321,Internal Forecast,Water Services,ACTIVE,2026-04-26,2026-04-26
NOM-00001467,FAC-025,2026-04-27,PRODUCED_WATER,57071.271,Operations,Interruptible,ACTIVE,2026-04-27,2026-04-27
NOM-00001468,FAC-025,2026-04-28,PRODUCED_WATER,65304.984,Internal Forecast,Interruptible,ACTIVE,2026-04-28,2026-04-28
NOM-00001469,FAC-025,2026-04-29,PRODUCED_WATER,62924.707,Operations,Interruptible,ACTIVE,2026-04-29,2026-04-29
NOM-00001470,FAC-025,2026-04-30,NGL,69148.351,Internal Forecast,Firm,ACTIVE,2026-04-30,2026-04-30
NOM-00001471,FAC-025,2026-05-01,GAS,62574.971,Third-Party,Firm,ACTIVE,2026-05-01,2026-05-01
NOM-00001472,FAC-025,2026-05-02,GAS,60498.222,Third-Party,Firm,REVISED,2026-05-02,2026-05-02
NOM-00001473,FAC-025,2026-05-03,GAS,63936.648,Internal Forecast,Gathering,ACTIVE,2026-05-03,2026-05-03
NOM-00001474,FAC-025,2026-05-04,CRUDE,57393.762,Commercial,Water Services,ACTIVE,2026-05-04,2026-05-04
NOM-00001475,FAC-025,2026-05-05,GAS,58914.274,Commercial,Water Services,ACTIVE,2026-05-05,2026-05-05
NOM-00001476,FAC-025,2026-05-06,GAS,59271.342,Internal Forecast,Interruptible,REVISED,2026-05-06,2026-05-06
NOM-00001477,FAC-025,2026-05-07,CRUDE,55269.234,Commercial,Processing,ACTIVE,2026-05-07,2026-05-07
NOM-00001478,FAC-025,2026-05-08,GAS,60891.786,Internal Forecast,Water Services,ACTIVE,2026-05-08,2026-05-08
NOM-00001479,FAC-025,2026-05-09,GAS,64006.208,Operations,Interruptible,ACTIVE,2026-05-09,2026-05-09
NOM-00001480,FAC-025,2026-05-10,GAS,62349.882,Internal Forecast,Firm,ACTIVE,2026-05-10,2026-05-10
NOM-00001481,FAC-025,2026-05-11,GAS,58420.113,Operations,Gathering,ACTIVE,2026-05-11,2026-05-11
NOM-00001482,FAC-025,2026-05-12,GAS,57882.358,Internal Forecast,Firm,ACTIVE,2026-05-12,2026-05-12
NOM-00001483,FAC-025,2026-05-13,NGL,60303.942,Operations,Gathering,ACTIVE,2026-05-13,2026-05-13
NOM-00001484,FAC-025,2026-05-14,GAS,58733.603,Affiliate,Firm,ACTIVE,2026-05-14,2026-05-14
NOM-00001485,FAC-025,2026-05-15,NGL,66892.655,Affiliate,Gathering,PENDING,2026-05-15,2026-05-15
NOM-00001486,FAC-025,2026-05-16,GAS,60413.169,Third-Party,Processing,ACTIVE,2026-05-16,2026-05-16
NOM-00001487,FAC-025,2026-05-17,GAS,50047.958,Affiliate,Water Services,ACTIVE,2026-05-17,2026-05-17
NOM-00001488,FAC-025,2026-05-18,GAS,62492.36,Operations,Interruptible,ACTIVE,2026-05-18,2026-05-18
NOM-00001489,FAC-025,2026-05-19,GAS,64619.934,Third-Party,Water Services,ACTIVE,2026-05-19,2026-05-19
NOM-00001490,FAC-025,2026-05-20,GAS,59577.341,Internal Forecast,Processing,ACTIVE,2026-05-20,2026-05-20
NOM-00001491,FAC-025,2026-05-21,NGL,60321.978,Commercial,Water Services,ACTIVE,2026-05-21,2026-05-21
NOM-00001492,FAC-025,2026-05-22,PRODUCED_WATER,56410.575,Third-Party,Gathering,ACTIVE,2026-05-22,2026-05-22
NOM-00001493,FAC-025,2026-05-23,GAS,58984.175,Affiliate,Water Services,ACTIVE,2026-05-23,2026-05-23
NOM-00001494,FAC-025,2026-05-24,GAS,65999.27,Commercial,Water Services,ACTIVE,2026-05-24,2026-05-24
NOM-00001495,FAC-025,2026-05-25,GAS,56398.648,Commercial,Water Services,ACTIVE,2026-05-25,2026-05-25
NOM-00001496,FAC-025,2026-05-26,GAS,57419.956,Internal Forecast,Interruptible,ACTIVE,2026-05-26,2026-05-26
NOM-00001497,FAC-025,2026-05-27,GAS,72180.409,Third-Party,Gathering,ACTIVE,2026-05-27,2026-05-27
NOM-00001498,FAC-025,2026-05-28,GAS,65725.442,Operations,Firm,ACTIVE,2026-05-28,2026-05-28
NOM-00001499,FAC-025,2026-05-29,GAS,61951.046,Operations,Gathering,ACTIVE,2026-05-29,2026-05-29
NOM-00001500,FAC-025,2026-05-30,NGL,62250.999,Commercial,Firm,ACTIVE,2026-05-30,2026-05-30
